id,corridor,rank,county,length,f_class,factype,AADT20,AADT21,AADT22,ethnic_minority,racial_minority,female,youth,older_adults,foreign_born,limited_english,disability,low_income,total_ej_score,pm25,nox,co,crash_22,fatality_injury_22,crash_21,fatality_injury_21,crash_20,fatality_injury_20,crash_19,fatality_injury_19,crash_18,fatality_injury_18,crash_rate_a,crash_rate_v
0,BAR_GA-11,143,Barrow,11.61,Minor arterial,11,12756,14070,13860,2,2,2,2,2,2,2,3,3,20,4,52.9,362.5,214,10,221,2,235,8,199,4,209,12,290,308
1,BAR_GA-211,181,Barrow,9.57,Minor arterial,11,12638,13264,12640,2,1,2,2,2,2,2,2,2,17,4.6,64.8,479.1,205,2,202,6,219,6,181,2,130,2,242,323
2,BAR_GA-316,120,Barrow,13.73,Parkway,3,34950,35700,36850,3,2,2,3,1,2,2,2,2,19,1.8,25.9,213.6,222,3,211,14,196,4,243,6,245,7,116,172
3,BAR_GA-81,138,Barrow,9.84,Minor arterial,11,13532.2,14728.9,15170,2,1,2,2,2,2,2,3,3,19,4.1,53.8,365.9,283,5,335,9,291,8,219,1,214,2,863,738
4,BAR_I-85,285,Barrow,26.04,Interstate / Freeway,1,75325,83425,85675,2,2,2,2,2,2,2,1,1,16,2,30,272.5,252,2,283,5,212,5,467,10,553,8,106,129
5,BAR_US-29,200,Barrow,12.26,Parkway,3,27800,29200,29866.7,2,1,2,2,2,2,2,2,2,17,2.6,42.9,315.2,165,9,179,3,120,3,137,4,101,0,94,133
6,BAT_GA-113,184,Bartow,12.54,Minor arterial,11,12318.9,13177.8,13550,2,1,2,2,2,1,2,2,3,17,2.6,43.8,378.8,303,7,267,6,204,3,171,4,228,3,390,303
7,BAT_GA-140,340,Bartow,8.17,Collector,14,2870,3020,3250,1,0,2,2,2,1,1,3,2,14,1.2,18.5,127.7,25,3,12,0,9,0,9,1,11,5,145,52
8,BAT_GA-140 E,324,Bartow,11.22,Collector,14,3506.7,3740,4033.3,2,1,3,1,3,1,1,3,2,17,1,13.7,100.3,31,2,47,3,38,2,30,2,27,1,141,89
9,BAT_GA-140 W,302,Bartow,7.76,Collector,14,11165,11290,11795,1,0,2,2,2,1,1,2,2,13,3.6,57.8,405.2,79,3,67,0,57,3,85,1,92,3,248,213
10,BAT_GA-20,221,Bartow,11.13,Principal arterial,10,16540,18383.3,18883.3,2,1,2,2,2,2,2,3,2,18,2,41.8,344.1,123,6,144,10,124,2,118,11,103,3,121,162
11,BAT_GA-293,294,Bartow,8.65,Minor arterial,11,6442.5,6745,7062.5,2,2,2,2,2,1,2,3,3,19,2.5,42.6,368.1,51,2,61,3,58,1,54,0,55,4,316,187
12,BAT_GA-61,214,Bartow,10.11,Minor arterial,11,10120.8,11006.7,11140,2,2,2,2,2,2,2,3,3,20,3.5,59.4,517.8,207,4,216,5,129,3,100,3,123,2,371,299
13,BAT_HWY 411,323,Bartow,8.29,Minor arterial,11,10533.3,11300,11936.7,1,1,2,3,2,1,2,2,2,16,2,35.5,267.3,56,3,40,4,33,1,39,0,37,0,135,107
14,BAT_I-75 N,265,Bartow,30.21,Interstate / Freeway,1,69620,76100,79580,1,1,2,2,2,1,1,2,2,14,3.6,91.9,741,247,15,247,12,182,8,179,11,201,4,46,76
15,BAT_I-75 S,234,Bartow,25.7,Interstate / Freeway,1,87920,98420,103000,2,1,2,2,2,1,2,2,2,16,3,66.8,558.3,396,9,420,10,265,6,286,9,382,12,72,110
16,BAT_US-41,80,Bartow,10.51,Principal arterial,10,22385.7,27288.9,28155.6,3,2,2,2,2,2,2,3,3,21,3.8,63.8,554.3,296,8,313,2,217,5,207,6,253,1,499,284
17,BAT_US-41 N,238,Bartow,11.51,Minor arterial,11,11145,12190,12327.5,2,1,2,2,2,1,2,3,3,18,2.7,40.2,281.8,87,4,68,3,78,6,78,4,98,5,326,162
18,BAT_US-41 S,151,Bartow,10.36,Principal arterial,10,26940,29540,30320,2,1,2,3,2,1,2,2,2,17,3.2,49.1,432.9,280,5,354,9,268,12,172,5,210,3,352,288
19,BAT_US-411,246,Bartow,8.2,Parkway,3,15500,17700,18750,2,1,2,2,2,1,2,3,3,18,1.4,30.2,238.4,60,1,60,7,43,2,34,2,43,4,86,47
20,CAR_GA-1,284,Carroll,11.07,Principal arterial,10,22300,23677.8,24022.2,2,2,2,2,2,1,2,3,3,19,2.6,39.9,292.4,250,8,250,2,216,8,244,2,257,3,329,329
21,CAR_GA-113,312,Carroll,9.23,Collector,14,9680,10157.5,10342.5,2,1,2,2,2,1,2,3,2,17,2.3,35.5,256.9,107,5,121,3,86,4,89,4,111,2,441,319
22,CAR_GA-16,305,Carroll,10.08,Minor arterial,11,10833.3,11166.7,11366.7,1,1,2,2,2,1,2,3,2,16,2.7,37.9,255.2,79,3,86,3,93,7,87,4,87,3,138,135
23,CAR_GA-166,217,Carroll,10.46,Principal arterial,10,27480,28340,28980,2,1,2,1,2,1,2,3,3,17,2.6,38.3,273,226,9,243,3,208,6,262,12,218,2,392,334
24,CAR_GA-166 E,297,Carroll,10.54,Minor arterial,11,7980,8573.3,8730,2,1,1,2,2,1,2,2,2,15,1.7,22.7,157.9,61,1,89,13,71,2,74,6,73,4,187,173
25,CAR_GA-166 W,331,Carroll,10.03,Minor arterial,11,10707.5,11580,11820,2,1,2,1,2,1,2,2,2,15,2,29.5,198.3,93,2,70,3,74,6,73,6,88,3,257,217
26,CAR_GA-5 E,339,Carroll,13.77,Collector,14,2380,2426.7,2453.3,1,1,2,2,3,1,1,4,3,18,1,14.2,97.4,17,0,25,2,31,2,22,1,28,1,97,65
27,CAR_GA-5 N,334,Carroll,10.75,Collector,14,3303.3,3296.7,3360,1,1,2,2,2,1,1,3,2,15,1.1,14.4,99.9,25,0,19,2,21,0,19,1,30,2,162,59
28,CAR_GA-5 W,332,Carroll,10.05,Collector,14,2266.7,2333.3,2363.3,1,0,1,1,3,1,1,4,3,15,0.9,12.6,84.8,32,3,24,3,17,0,23,1,27,2,307,103
29,CAR_GA-61 N,210,Carroll,6.09,Minor arterial,11,10967.1,11651.4,12065.7,1,2,2,3,2,1,1,2,2,16,2,28.6,247.5,103,1,96,3,95,2,102,1,93,1,268,366
30,CAR_GA-61 S,272,Carroll,9.12,Minor arterial,11,26120,29120,29780,2,2,2,2,2,1,2,2,2,17,3.9,57.4,435.4,207,7,204,6,169,2,212,3,233,3,280,213
31,CAR_I-20,293,Carroll,25.72,Interstate / Freeway,1,38900,43100,46150,2,1,2,2,2,1,2,3,2,17,1.8,38.8,319,129,7,189,7,256,7,223,8,276,5,77,104
32,CAR_NORTHSIDE,289,Carroll,6.1,Minor arterial,11,12564,14460,14230,2,2,3,2,2,2,2,3,3,21,3.6,50.4,336.8,113,0,139,6,82,5,104,6,90,3,690,304
33,CAR_US-27,319,Carroll,10.12,Principal arterial,10,16400,17260,17580,2,1,2,1,3,1,2,3,2,17,0.9,15.3,113,142,6,155,7,136,2,138,3,158,1,365,326
34,CAR_US-78,195,Carroll,10.07,Minor arterial,11,10010,10791.2,10856.2,2,2,2,2,2,1,2,2,2,17,1.9,28.7,262.3,162,5,135,2,151,7,157,3,175,4,844,330
35,CHE_ALABAMA,114,Cherokee,8.35,Principal arterial,10,30840,33720,34140,2,1,2,2,2,2,2,2,2,17,2,29.5,266.6,458,19,366,12,367,4,461,6,480,8,444,387
36,CHE_CUMMING,160,Cherokee,8.57,Principal arterial,10,19700,21050,21300,2,1,2,2,2,2,2,2,2,17,1.2,18,155.9,205,3,227,4,208,2,274,5,233,2,311,430
37,CHE_GA-108,326,Cherokee,9.17,Collector,14,1910,2105,2200,1,1,2,1,4,1,1,3,2,16,0.8,11.1,87.7,15,4,18,0,13,0,19,0,13,1,191,51
38,CHE_GA-140,220,Cherokee,10.1,Minor arterial,11,15160,16460,16740,2,1,2,2,2,2,2,2,2,17,2.7,37.4,345.4,298,6,279,5,212,6,225,2,192,0,440,390
39,CHE_GA-20,139,Cherokee,11.79,Principal arterial,10,16344.1,17049.1,16646.4,2,1,2,2,2,2,2,2,2,17,2,27.4,240.1,325,15,342,7,292,4,333,8,266,13,342,385
40,CHE_GA-369,307,Cherokee,5.87,Minor arterial,11,7926.7,8223.3,8953.3,1,0,1,3,2,1,1,2,1,12,1.7,21.9,169.5,23,3,23,1,29,2,41,0,21,1,103,90
41,CHE_GA-372,325,Cherokee,9.87,Minor arterial,11,8250,8617.5,9222.5,1,0,1,3,2,1,1,2,1,12,1.8,24.3,183.9,47,1,53,0,59,1,55,1,53,3,89,131
42,CHE_GA-372 S,338,Cherokee,6.25,Minor arterial,11,4313.3,4633.3,4856.7,1,0,2,2,2,1,2,1,1,12,1.2,16.3,134.6,23,2,17,0,8,0,18,0,26,0,136,116
43,CHE_GA-5,109,Cherokee,11.64,Minor arterial,11,11776.7,12628.3,13061.7,4,1,1,2,2,2,3,2,3,20,2.3,33,296.3,353,16,342,9,317,6,337,9,261,5,861,503
44,CHE_GA-92,90,Cherokee,7.11,Principal arterial,10,39200,41875,44175,2,1,2,2,2,2,2,2,1,16,2.2,30.6,277.6,479,4,439,9,438,5,543,2,551,2,384,650
45,CHE_I-575 MAG,361,Cherokee,10.88,Freeway HOV,5,NA,NA,NA,2,2,2,2,2,2,2,2,2,18,3.3,47.6,423.1,34,0,18,0,15,0,15,0,3,0,67,24
46,CHE_I-575 N,316,Cherokee,21.25,Interstate / Freeway,1,26375,21075,22125,2,1,2,2,2,2,2,3,2,18,1.2,19.1,163.5,83,2,79,3,81,7,86,0,82,3,81,50
47,CHE_I-575 S,235,Cherokee,19.99,Interstate / Freeway,1,61783.3,63550,65383.3,2,1,2,2,2,2,2,2,2,17,3.2,52.4,471.9,312,8,329,8,245,7,251,6,281,6,128,148
48,CHE_KNOX,156,Cherokee,7.31,Principal arterial,10,18433.3,19933.3,19900,3,1,2,2,2,2,3,3,2,20,1.3,20.2,177.7,134,16,112,2,89,4,107,4,114,0,153,238
49,CHE_MAIN,144,Cherokee,10.6,Minor arterial,11,13481.2,15232.5,15370,2,1,2,2,2,2,2,2,2,17,3.3,48.8,447.1,299,2,279,3,269,14,264,13,265,1,540,535
50,CHE_REINHARDT,252,Cherokee,6.98,Collector,14,13725,14457.5,14460,3,1,2,1,3,2,3,3,2,20,2.3,30.5,264.1,119,0,119,4,97,2,118,2,130,3,415,321
51,CLA_GA-138 E,22,Clayton,7.6,Principal arterial,10,25418.2,28354.5,28100,2,3,2,3,1,2,2,2,3,20,2.3,37,338.2,564,10,620,7,654,15,705,16,695,4,1121,879
52,CLA_GA-138 W,45,Clayton,11.13,Principal arterial,10,21056,22508,22002,2,3,2,2,2,2,2,2,3,20,2,30.1,274,560,28,702,38,587,20,749,19,678,21,786,807
53,CLA_GA-139,18,Clayton,4.78,Minor arterial,11,30633.3,31566.7,32866.7,1,3,3,2,1,2,2,2,3,19,3.8,60.3,557.5,493,13,527,18,464,13,504,12,443,9,1657,1661
54,CLA_GA-331,115,Clayton,10.99,Minor arterial,11,16116.2,17480,18340,2,3,2,3,2,2,2,2,3,21,4.1,65.9,601.1,461,22,464,12,400,21,522,6,424,8,755,599
55,CLA_GA-42,24,Clayton,11.74,Principal arterial,10,28757.1,29057.1,29135.7,2,2,2,1,2,1,2,2,2,16,5.8,79.5,728.1,1015,36,986,32,702,20,943,14,922,20,733,797
56,CLA_GA-54,101,Clayton,9.48,Principal arterial,10,17156.2,17745.2,18454.8,2,3,2,2,2,2,2,2,3,20,1.9,27.4,250.5,273,5,279,10,247,8,233,2,325,2,347,354
57,CLA_GA-85,14,Clayton,5.28,Principal arterial,10,39700,41000,40720,2,3,2,2,1,2,2,2,3,19,2.8,49.9,452.8,553,19,721,21,554,26,620,5,533,11,670,788
58,CLA_I-285 S,134,Clayton,18.07,Interstate / Freeway,1,124242.1,134768.4,145000,2,3,2,2,2,1,2,3,3,20,3.8,63.2,562.8,783,34,910,29,740,32,947,19,805,17,278,319
59,CLA_I-675,219,Clayton,10.52,Interstate / Freeway,1,53710,59160,56790,2,3,2,3,1,2,2,2,3,20,3.1,50.2,453.2,246,6,241,6,199,5,192,6,173,4,172,152
60,CLA_I-75,102,Clayton,22.11,Interstate / Freeway,1,150333.3,160083.3,165250,2,3,2,3,1,2,3,2,3,21,3.7,66.2,594,1048,25,1284,39,1068,35,1222,35,1037,19,218,381
61,CLA_I-85,169,Clayton,17.04,Interstate / Freeway,1,96316.7,108341.7,115017.4,2,3,3,2,2,1,2,3,3,21,4.2,58.1,504.6,480,15,578,37,441,18,445,15,411,19,156,170
62,CLA_MAIN,258,Clayton,6.96,Minor arterial,11,16533.3,17836.7,18450,2,3,2,3,1,2,2,2,3,20,3.4,55.2,510.9,319,13,342,8,248,12,337,5,314,6,801,1099
63,CLA_MCDONOUGH,201,Clayton,7.76,Principal arterial,10,11566.7,13166.7,13866.7,2,3,3,3,2,2,2,2,2,21,2,29.7,274,302,8,247,6,200,7,248,5,202,5,454,758
64,CLA_MORROW,168,Clayton,5.25,Minor arterial,11,9790,10600,8830,3,3,2,3,2,2,3,2,3,23,3.5,57,522.4,117,2,112,1,125,4,165,3,168,7,1063,787
65,CLA_US-19,21,Clayton,11.1,Minor arterial,11,31675,34033.3,34658.3,3,3,2,3,1,2,2,2,3,21,3.8,62.3,568.3,665,10,1128,37,746,25,863,11,747,12,527,658
66,CLA_US-23,82,Clayton,5.55,Minor arterial,11,16040,16980,15620,2,3,2,3,1,2,2,2,3,20,3.5,53.3,491.9,202,2,259,11,221,7,260,1,236,6,1195,569
67,COB_ATLANTA,188,Cobb,8.7,Minor arterial,11,18983.3,20333.3,19616.7,3,2,2,2,2,2,3,2,2,20,5.8,69.7,631.6,285,2,314,7,265,9,366,5,406,3,403,610
68,COB_BARRETT,174,Cobb,9.95,Principal arterial,10,40700,42050,43750,2,2,2,2,2,2,2,2,1,17,3,35.6,318.4,612,8,710,10,613,5,809,7,745,4,459,435
69,COB_CANTON,103,Cobb,11.83,Minor arterial,11,25165.4,26573.1,26919.2,2,2,2,2,2,2,2,2,2,18,6,75.4,681.8,437,9,423,7,407,6,488,3,526,10,385,531
70,COB_COBB PKWY,16,Cobb,8.03,Principal arterial,10,28014.3,29228.6,30442.9,2,2,2,1,1,3,3,1,2,17,8.2,99.3,895,683,13,769,14,534,22,887,13,945,15,943,1244
71,COB_DELK,119,Cobb,6.11,Minor arterial,11,31120,31960,30460,3,2,2,1,1,3,3,1,2,18,6.7,81.2,732.7,228,14,322,11,270,3,343,8,393,4,897,601
72,COB_EW CONN,194,Cobb,11.04,Principal arterial,10,29750,30500,32500,2,2,2,2,2,2,2,2,2,18,3.5,41.7,376.4,468,10,541,12,467,12,525,14,540,9,393,300
73,COB_GA-120 E,125,Cobb,10.84,Principal arterial,10,30690,31040,32070,2,1,2,2,2,2,2,2,1,16,3,37.3,334.4,455,4,450,10,398,8,676,10,700,7,318,460
74,COB_GA-120 W,64,Cobb,6.11,Principal arterial,10,19381.4,20722.9,20848.6,2,2,2,2,2,2,3,2,2,19,3.5,42.7,383.2,366,4,324,5,307,2,424,5,426,2,574,752
75,COB_GA-139,93,Cobb,10.89,Minor arterial,11,20030,21220,22160,2,3,2,2,2,1,2,3,3,20,4,50.3,448.1,710,33,805,44,707,26,740,26,687,22,815,1177
76,COB_GA-280,23,Cobb,10.26,Minor arterial,11,27330,28260,28950,3,2,2,2,2,2,3,2,2,20,5.4,66.3,599.9,772,19,774,14,538,25,858,21,989,5,816,1023
77,COB_GA-360,228,Cobb,9.96,Minor arterial,11,20877.5,21850,22162.5,2,2,2,2,2,2,2,2,2,18,3.7,44.6,391.7,274,1,282,6,220,4,308,1,295,2,373,468
78,COB_GA-5,140,Cobb,10.31,Minor arterial,11,31870,32880,32620,3,3,2,2,2,2,3,2,3,22,4.5,54.6,496.7,742,21,770,27,679,11,804,23,804,6,801,1103
79,COB_GA-92,130,Cobb,10.38,Principal arterial,10,13742.9,15371.4,15671.4,2,1,2,3,2,1,1,2,2,16,2.4,30.8,254.8,273,9,277,3,245,5,289,8,284,8,389,412
80,COB_I-20,49,Cobb,15.14,Interstate / Freeway,1,129933.3,134500,136166.7,2,3,3,3,2,2,2,2,3,22,3.1,41.6,366.3,1201,38,1228,32,919,20,1261,24,1110,25,283,364
81,COB_I-285 W,28,Cobb,18.62,Interstate / Freeway,1,139588.2,151941.2,157941.2,2,3,2,2,2,2,2,2,2,19,4.9,63.4,561.8,1328,24,1292,35,999,16,1686,24,1753,28,247,364
82,COB_I-575,182,Cobb,21.44,Interstate / Freeway,1,76875,83812.5,86143.8,2,2,2,2,2,2,2,2,2,18,3.4,48.5,431,457,8,513,11,346,5,505,3,550,2,128,180
83,COB_I-75,37,Cobb,19.75,Interstate / Freeway,1,213000,234142.9,241142.9,2,2,2,1,1,3,2,1,2,16,6.8,88,774,1732,30,1785,20,1260,37,1877,22,2436,35,218,390
84,COB_I-75 MAG N,362,Cobb,6.92,Freeway HOV,5,NA,NA,NA,2,2,2,1,1,2,2,2,2,16,5.1,65.8,582.4,1,0,5,0,2,0,1,0,1,0,11,4
85,COB_I-75 MAG S,358,Cobb,10.67,Freeway HOV,5,NA,NA,NA,2,2,2,1,1,3,2,1,2,16,7,91,801.2,34,1,32,1,19,1,18,0,34,3,35,20
86,COB_I-75 N,165,Cobb,17.71,Interstate / Freeway,1,110290.9,120854.5,125109.1,2,2,2,1,2,2,2,2,2,17,4.3,58.8,518.9,600,11,624,20,693,7,805,7,827,17,182,217
87,COB_JOHNSON,226,Cobb,6.9,Principal arterial,10,33200,31633.3,32600,2,1,2,2,3,2,2,2,1,17,3.4,40.8,369,184,2,201,2,174,9,270,4,296,4,222,286
88,COB_LAKE ACWORTH,85,Cobb,3.75,Minor arterial,11,19500,21350,20866.7,2,2,2,2,2,2,2,2,2,18,2.8,41.5,366,168,0,168,0,166,2,279,8,252,6,819,680
89,COB_LOST MOUNTAIN,249,Cobb,10.85,Minor arterial,11,11873.3,12233.3,12766.7,2,1,2,3,2,2,2,2,1,17,1.9,22.8,201.9,246,4,259,8,186,3,277,2,257,5,356,411
90,COB_LOWER,299,Cobb,5.71,Minor arterial,11,14200,15366.7,16000,2,1,2,2,3,2,2,2,2,18,3.8,46.8,423.7,71,0,68,0,65,1,84,0,132,0,243,267
91,COB_N GA-120A,34,Cobb,5.44,Principal arterial,10,29271.4,31042.9,32328.6,2,2,2,2,2,2,3,2,2,19,5.3,66,594.3,307,5,368,2,260,3,307,2,306,1,697,672
92,COB_OLD,310,Cobb,6.18,Minor arterial,11,12640,13017.5,12800,2,1,2,2,3,2,2,2,1,17,3.7,45.3,409.4,76,1,61,0,56,0,105,0,119,0,201,340
93,COB_POWDER,164,Cobb,7.42,Minor arterial,11,31780,31980,32240,3,2,2,2,2,2,3,2,2,20,4.7,56.3,509.7,390,11,440,12,352,9,432,8,459,4,564,739
94,COB_POWERS,198,Cobb,4.69,Collector,14,24650,25875,24225,2,2,2,1,2,3,2,1,2,17,6.3,77.3,690.1,147,4,142,2,108,1,215,3,294,2,811,509
95,COB_S GA-120,52,Cobb,5.62,Principal arterial,10,29166.7,30133.3,31200,3,2,1,1,2,3,3,2,2,19,5.8,71.2,640.7,299,7,293,2,227,8,341,5,396,2,563,482
96,COB_SANDY PLAINS,237,Cobb,8.39,Minor arterial,11,26060,27880,26600,2,1,2,2,2,2,2,2,1,16,4.3,52.6,475.9,286,9,254,0,184,2,265,1,282,0,272,276
97,COB_SHALLOWFORD,303,Cobb,6.41,Minor arterial,11,16415,17325,17225,2,1,2,2,2,2,2,2,1,16,3.6,43.4,393.1,130,1,113,1,91,2,164,1,149,3,225,448
98,COB_STILESBORO,292,Cobb,6.1,Minor arterial,11,16633.3,18133.3,15600,2,1,2,2,2,2,2,2,1,16,2.9,33.9,307.1,159,0,147,0,144,0,196,0,214,1,383,417
99,COB_TERRELL,290,Cobb,3.61,Minor arterial,11,23550,25200,26250,2,2,2,1,2,3,2,1,2,17,6.5,79.5,715.4,107,3,132,10,118,4,163,3,148,0,400,844
100,COB_US-278,75,Cobb,10.07,Principal arterial,10,33900,37171.4,38400,2,2,2,2,2,2,2,2,2,18,2.3,28.6,249.2,468,16,458,11,379,11,381,13,385,12,320,381
101,COB_US-41,38,Cobb,9.34,Principal arterial,10,32675,35662.5,37075,2,2,2,2,2,2,2,1,2,17,6.5,78,707.3,624,14,718,15,552,12,707,6,689,9,639,664
102,COB_US-78,105,Cobb,10.02,Principal arterial,10,22754.5,23490.9,24500,2,3,2,2,2,2,2,2,2,19,2.6,32.6,291.6,444,6,484,17,404,13,495,16,472,5,415,515
103,COB_WINDY HILL,123,Cobb,8.85,Minor arterial,11,30971.4,33285.7,32914.3,3,3,2,2,1,3,3,2,2,21,5.5,66.7,601.3,642,6,656,15,545,16,774,11,745,6,600,870
104,COW_BROAD,328,Coweta,8.06,Minor arterial,11,8486.7,8980,8873.3,2,2,3,2,2,1,2,2,2,18,1.7,22.3,212.4,146,4,164,1,154,2,143,2,140,0,541,507
105,COW_GA-14,261,Coweta,11.5,Minor arterial,11,10177.5,11067.5,10865,2,1,2,2,2,2,2,2,2,17,0.5,6.5,58.9,93,6,84,5,89,5,130,3,107,8,249,220
106,COW_GA-154,276,Coweta,7.96,Minor arterial,11,11805,12935,13735,2,1,2,2,2,1,1,2,1,14,2.2,29.3,280.4,217,5,169,3,147,4,189,4,165,2,558,444
107,COW_GA-16,298,Coweta,8.68,Minor arterial,11,7545,8217.5,9252.5,2,1,2,2,2,1,2,2,2,16,1.2,15.6,145,58,2,54,3,42,2,58,4,31,1,244,134
108,COW_GA-34 BYP,157,Coweta,6.05,Principal arterial,10,19670,21468,21686,2,2,2,2,2,2,2,2,2,18,1.4,19.2,181.8,169,4,151,2,123,1,154,3,148,5,408,287
109,COW_GA-34 E,59,Coweta,10.17,Principal arterial,10,37842.9,41285.7,41114.3,2,1,2,2,2,2,2,2,2,17,3.4,44.6,426.7,621,2,781,8,623,3,738,5,756,12,771,682
110,COW_GA-34 W,163,Coweta,10.78,Principal arterial,10,16786.7,17932.2,18416.7,2,2,3,2,2,2,2,2,3,20,2.1,26.9,249.3,250,6,390,12,340,2,374,8,358,1,894,706
111,COW_GA-54,315,Coweta,6.97,Minor arterial,11,8450,9545,9866.7,1,1,2,2,2,1,2,2,1,14,1.7,22.5,210.2,48,0,37,1,35,1,49,3,53,0,250,220
112,COW_GA-70,336,Coweta,7.73,Minor arterial,11,3910,4362.5,4440,2,1,2,2,2,2,2,2,2,17,0.7,9.4,80.8,29,3,24,1,25,1,32,1,22,0,159,102
113,COW_GA-85,300,Coweta,8.47,Minor arterial,11,8872.5,9780,9522.5,1,1,2,2,2,1,2,2,2,15,1.2,15.5,131.1,49,2,56,2,48,4,54,1,36,0,258,176
114,COW_I-85 N,296,Coweta,21.71,Interstate / Freeway,1,73200,82000,84300,2,1,2,2,2,2,2,2,2,17,1.3,17.7,166.6,283,5,286,9,249,11,211,12,250,6,83,247
115,COW_I-85 S,301,Coweta,13.61,Interstate / Freeway,1,55733.3,63700,65366.7,2,2,3,2,2,2,2,2,2,19,1.3,16.5,151.4,132,2,136,6,86,5,92,2,81,0,76,93
116,COW_NEWNAN,282,Coweta,9.62,Minor arterial,11,8243.3,9566.7,9783.3,1,1,2,2,3,1,2,3,2,17,1.8,24.2,178.2,39,2,63,7,44,1,44,4,50,3,152,124
117,COW_NEWNAN BYP,327,Coweta,4.73,Minor arterial,11,NA,NA,NA,2,2,3,2,2,2,2,2,3,20,1.7,21.9,207.4,92,1,96,0,69,1,109,0,113,2,1412,443
118,COW_US-27,244,Coweta,9.19,Minor arterial,11,11282,12398,12806,2,1,2,3,2,1,2,2,3,18,1.8,23.1,181.7,111,8,87,7,74,2,73,4,55,3,106,155
119,COW_US-29,137,Coweta,9.46,Principal arterial,10,10655.3,11622.5,11448.8,2,2,2,2,2,1,2,2,3,18,1.4,17.9,154.7,305,2,329,5,198,6,271,4,280,2,638,587
120,COW_WELLS,259,Coweta,6.71,Minor arterial,11,13500,15380,15040,1,1,2,2,2,1,2,2,2,15,1.5,19.7,185.5,91,4,90,0,57,1,82,1,83,4,308,280
121,DAW_GA-136,348,Dawson,9.59,Collector,14,3166.7,3703.3,3796.7,1,0,2,2,3,1,2,3,2,16,0.8,11.5,67.2,21,2,20,0,33,2,25,4,23,2,231,106
122,DAW_GA-183,344,Dawson,10.35,Collector,14,2266,2674,2626,1,0,2,2,3,1,1,3,2,15,0.5,7.9,47.3,11,0,20,1,17,0,17,3,17,1,219,154
123,DAW_GA-53 E,317,Dawson,6.51,Principal arterial,10,13766.7,14800,14700,2,0,2,1,2,1,1,2,2,13,0.5,7,52.6,125,1,102,3,87,1,97,0,108,6,408,574
124,DAW_GA-53 W,330,Dawson,7.73,Principal arterial,10,5972.3,6286.2,6380,1,0,2,2,3,1,2,3,2,16,0.3,3.9,24.8,38,0,35,1,28,5,34,1,33,0,256,287
125,DAW_GA-9,359,Dawson,8.98,Collector,14,7172,7382,7590,2,0,2,2,2,1,2,2,2,15,1,14.5,97.4,58,0,54,0,68,1,74,2,71,3,468,248
126,DAW_GOLD CREEK,345,Dawson,6.07,Collector,14,4300,5030,5090,2,0,2,1,3,1,1,2,2,14,0.9,13.3,80.3,20,0,12,0,23,0,21,1,18,2,208,89
127,DAW_US-19,291,Dawson,11.26,Parkway,3,33257.1,36242.9,36814.3,2,1,1,2,2,1,2,2,2,15,1.4,22.9,194,241,3,293,4,198,6,251,2,236,7,204,233
128,DEK_2ND,205,DeKalb,4.4,Collector,14,7530,5680,5767.5,2,2,2,2,2,1,1,2,2,16,5.3,72.5,660.9,92,2,64,2,64,2,112,0,102,0,519,613
129,DEK_ASHFORD,131,DeKalb,4.72,Minor arterial,11,28900,31266.7,30733.3,2,2,2,2,2,3,2,2,1,18,4.5,61.3,561.6,255,2,227,0,141,0,363,4,333,3,591,559
130,DEK_CHAMBLEE,224,DeKalb,6.31,Minor arterial,11,14785,14425,14650,2,2,2,2,2,3,2,2,1,18,4.5,59.8,547.5,235,6,154,0,116,2,206,3,183,1,436,637
131,DEK_DEKALB,223,DeKalb,5.02,Minor arterial,11,12824,12338,12676,2,1,2,1,2,2,1,2,1,14,7.7,99.9,914.6,235,2,151,2,93,2,223,2,195,1,801,1083
132,DEK_DRUID,17,DeKalb,4.96,Principal arterial,10,36133.3,37733.3,37316.7,2,2,2,1,2,2,2,2,1,16,7.2,99.5,917.2,807,3,760,1,615,2,919,6,852,4,812,1690
133,DEK_FLAT,32,DeKalb,4.45,Minor arterial,11,21400,23150,24500,1,3,2,2,3,1,2,2,2,18,5.3,74.4,686.3,477,6,462,12,336,7,403,5,345,4,993,805
134,DEK_GA-10,43,DeKalb,8.43,Principal arterial,10,29790,30340.6,30432.8,1,3,2,2,2,3,3,2,3,21,5.8,81.9,757.7,552,14,629,15,547,22,675,9,682,18,701,634
135,DEK_GA-124,133,DeKalb,11.06,Principal arterial,10,31125,31262.5,32612.5,2,3,2,2,2,2,2,2,2,19,1.9,28.1,259,550,11,530,16,459,8,539,6,509,15,384,365
136,DEK_GA-13,35,DeKalb,10.87,Principal arterial,10,23255.6,23877.8,24677.8,4,2,2,2,1,3,4,1,2,21,5.2,70.5,647.9,712,18,814,29,643,22,845,20,782,22,1255,1068
137,DEK_GA-140,15,DeKalb,5.15,Principal arterial,10,26260,27320,28220,2,3,2,2,2,3,3,2,3,22,3.9,57.4,531.9,505,5,438,9,398,4,491,4,479,0,683,801
138,DEK_GA-141,46,DeKalb,9.87,Expressway,2,45150,47750,49475,3,2,2,2,2,3,3,2,2,21,4.2,58.9,540.8,479,8,462,6,518,8,636,12,607,8,355,434
139,DEK_GA-154,50,DeKalb,8.93,Minor arterial,11,15708.2,16283.6,16767.3,1,2,2,1,2,1,1,2,2,14,7.6,99.8,906.5,484,12,608,12,402,15,517,9,671,9,938,1233
140,DEK_GA-155,5,DeKalb,5.34,Minor arterial,11,20100,21585.7,23285.7,1,2,2,2,2,1,2,2,2,16,6.3,86.1,794.1,596,15,747,20,664,15,624,11,642,3,1255,2024
141,DEK_GA-260,87,DeKalb,8.79,Minor arterial,11,11071.2,11623.8,11537.5,1,2,2,1,2,1,1,3,2,15,6.1,82.7,756.6,492,12,571,30,464,16,621,3,579,15,1192,1670
142,DEK_GA-42,42,DeKalb,4.19,Minor arterial,11,15066.7,15400,14933.3,2,1,2,1,2,2,2,1,1,14,7.2,97,893.5,260,3,233,4,173,3,279,1,264,0,562,791
143,DEK_GA-8,29,DeKalb,7.23,Principal arterial,10,21983.3,22350,23185.7,2,2,2,2,2,3,3,2,2,20,6.1,87.9,810.1,457,7,451,7,389,5,531,6,474,6,965,873
144,DEK_I-20 W,121,DeKalb,19.69,Interstate / Freeway,1,135188,145678.3,154518.3,1,3,2,1,2,1,1,3,2,16,5.8,80.8,729.6,1033,26,1158,48,993,28,1256,15,1238,26,235,270
145,DEK_I-285 E,9,DeKalb,25.18,Interstate / Freeway,1,172009.1,185000,183636.4,2,3,2,2,2,3,3,2,2,21,5.3,78.2,709.9,2312,31,1939,23,1657,28,2067,23,2024,14,242,329
146,DEK_I-285 N,2,DeKalb,13.78,Interstate / Freeway,1,207875,218500,223000,3,2,2,2,2,3,3,2,2,21,5.5,78.9,709.3,1947,28,1757,29,1208,23,2282,28,1815,9,311,447
147,DEK_I-285 S,81,DeKalb,15.08,Interstate / Freeway,1,117350,127575,132800,1,3,2,2,3,1,1,3,2,18,4.5,66.2,595.9,1079,30,969,43,793,32,1008,13,939,17,247,304
148,DEK_I-675,240,DeKalb,9.81,Interstate / Freeway,1,80666.7,86633.3,77766.7,2,3,2,2,2,2,2,2,2,19,3.2,49.7,449.4,132,6,156,6,135,6,129,1,118,2,97,110
149,DEK_I-85,25,DeKalb,21.54,Interstate / Freeway,1,145904,165626.7,175375.8,3,2,1,1,1,3,3,1,1,16,6.6,91.9,822.5,2188,56,2159,49,1578,27,2303,14,2066,6,274,448
150,DEK_I-85 MAG,356,DeKalb,21.68,Freeway HOV,4,36462.5,41064.2,43322.3,3,2,1,1,1,3,3,1,1,16,6.6,92.2,825.3,121,1,152,1,86,1,168,0,109,2,127,71
151,DEK_PANOLA,78,DeKalb,7.57,Minor arterial,11,19732,20386,20122,1,3,3,2,2,2,1,2,2,18,4.4,61,565.8,565,10,658,20,587,6,636,9,585,5,1150,1197
152,DEK_REDAN,91,DeKalb,9.63,Minor arterial,11,12803.8,13800,13036.2,1,3,2,2,2,2,2,3,3,20,4.1,57.6,535,495,12,414,12,429,12,590,5,474,7,963,836
153,DEK_SNAPFINGER,153,DeKalb,5.02,Principal arterial,10,19075,19850,20825,1,3,2,1,3,1,2,2,2,17,2.5,36.3,333.1,224,4,185,5,130,3,197,3,198,1,362,409
154,DEK_US-23,47,DeKalb,9.16,Principal arterial,10,22125,22808.3,23950,3,2,2,2,2,3,3,2,2,21,5.4,73.4,677.2,628,7,602,15,409,5,751,4,681,9,573,847
155,DEK_US-278 E,8,DeKalb,8,Minor arterial,11,21660,22398.3,23823.3,1,3,3,2,2,2,2,3,3,21,5,70.1,650.1,1026,22,1061,49,963,33,968,14,894,10,1544,2112
156,DEK_US-278 W,39,DeKalb,5.79,Minor arterial,11,18414.3,18528.6,18914.3,1,2,2,2,2,2,2,2,2,17,6.5,87.5,812.6,517,16,432,23,344,14,411,6,392,7,864,1160
157,DEK_US-29,11,DeKalb,8.85,Principal arterial,10,30566.7,30988.9,31021.4,2,2,2,1,1,2,2,2,1,15,6.5,84.8,772.1,1138,16,1013,28,812,10,1298,8,1156,9,706,1261
158,DEK_US-78,155,DeKalb,14.85,Interstate / Freeway,1,78580,85340,86120,2,3,2,2,2,3,3,2,2,21,4,62.3,563.4,409,17,429,5,333,8,421,2,395,6,151,194
159,DEK_VERNON,239,DeKalb,4.28,Minor arterial,11,14866,15598,15900,2,2,2,2,2,3,2,1,1,17,5.4,66.8,603.2,93,4,113,3,75,1,194,1,180,0,586,970
160,DEK_WESLEY,20,DeKalb,9.38,Principal arterial,10,27085.7,28242.9,27442.9,1,3,2,2,2,2,2,3,2,19,3.7,50.8,470.7,751,26,876,27,758,16,824,4,908,6,900,734
161,DOU_GA-154,63,Douglas,7.96,Principal arterial,10,18826.2,21040,20631.2,1,4,2,2,3,1,1,3,3,20,3,37,329.9,321,21,344,17,278,14,326,9,284,10,680,570
162,DOU_GA-166,304,Douglas,10.75,Minor arterial,11,6950,7150,7020,2,2,2,2,2,2,2,2,1,17,1.1,15.3,134.7,28,1,38,0,33,1,34,2,41,0,129,87
163,DOU_GA-5,176,Douglas,11.25,Principal arterial,10,12568.3,13545,13381.7,2,2,2,2,2,1,2,3,2,18,1.3,17.7,160.2,319,7,348,13,260,4,402,12,383,2,709,536
164,DOU_GA-6,33,Douglas,8.63,Principal arterial,10,36000,37650,39466.7,2,3,2,2,1,2,2,2,3,19,2.3,29.6,269.4,593,10,810,9,596,7,564,3,638,12,614,575
165,DOU_GA-92,86,Douglas,9.84,Principal arterial,10,24050,25340,24930,2,2,2,2,2,2,2,2,2,18,3.4,45,422.3,464,11,521,11,393,3,478,5,408,11,584,414
166,DOU_I-20 E,179,Douglas,13,Interstate / Freeway,1,85800,97550,98250,2,3,2,2,2,2,2,2,3,20,2.4,35.8,328.8,296,8,325,7,276,6,376,11,330,11,111,199
167,DOU_I-20 W,257,Douglas,26.03,Interstate / Freeway,1,68133.3,77500,80450,2,2,2,2,2,1,2,3,2,18,2.3,37.2,337.5,322,12,318,9,284,14,374,11,317,10,74,123
168,DOU_US-78,112,Douglas,9.08,Minor arterial,11,12966.7,12851.1,12863.3,2,2,2,2,2,1,2,2,3,18,2.6,34.3,322.2,222,5,244,13,237,0,278,4,227,4,711,442
169,FAY_GA-314,273,Fayette,6.01,Minor arterial,11,18025,18850,18525,2,3,2,2,3,1,2,3,2,20,2.9,40.7,376.9,146,6,130,1,104,4,79,2,101,0,549,256
170,FAY_GA-54,150,Fayette,8.99,Principal arterial,10,26175,29475,28775,2,1,2,2,3,2,2,2,1,17,1.3,18.8,171.1,275,5,305,8,230,3,265,4,274,7,364,346
171,FAY_GA-74,203,Fayette,6.13,Principal arterial,10,28700,30900,31150,2,1,2,2,3,2,2,2,1,17,1.5,21.5,196.7,127,2,142,2,99,2,108,1,112,1,238,174
172,FAY_GA-85 N,106,Fayette,7.56,Principal arterial,10,30983.3,33550,33600,2,3,2,2,2,2,2,3,3,21,2.1,30.9,283.3,376,4,520,9,394,10,383,5,374,6,534,406
173,FAY_GA-85 S,178,Fayette,9.34,Minor arterial,11,16633.3,18533.3,18300,2,1,2,2,3,2,2,2,1,17,2.4,32.4,284.9,170,2,165,5,164,5,153,1,186,2,586,322
174,FAY_GA-92 N,193,Fayette,5.64,Minor arterial,11,12036.7,13093.3,10546.7,2,2,2,1,3,2,2,3,2,19,2.1,28.2,260.8,83,4,61,4,87,0,88,6,75,5,447,236
175,FAY_GA-92 S,274,Fayette,9.25,Minor arterial,11,9266.7,10240,9926.7,2,1,2,2,3,2,2,2,1,17,2,27.1,234.5,173,8,147,3,138,3,116,4,107,3,491,436
176,FAY_JOEL,243,Fayette,7.13,Minor arterial,11,19400,20733.3,20933.3,2,1,2,2,3,2,1,2,1,16,1.3,18.2,163.3,117,0,152,0,104,2,119,4,106,4,254,233
177,FAY_TYRONE,333,Fayette,9.92,Minor arterial,11,8212.9,8785.7,9374.3,2,2,2,2,2,2,2,2,1,17,1.3,17.4,159.4,96,3,82,7,68,1,89,4,80,0,197,248
178,FOR_ATLANTA,159,Forsyth,11.17,Minor arterial,11,15066.7,15583.3,13800,2,2,2,2,2,3,2,2,1,18,3.7,49.7,447,397,7,342,3,344,3,369,12,383,2,702,521
179,FOR_GA-141,122,Forsyth,7.02,Principal arterial,10,39700,40600,40100,2,2,2,3,2,3,2,1,1,18,5.1,65.5,598.2,314,4,289,1,222,2,365,5,322,0,293,310
180,FOR_GA-20,126,Forsyth,12.15,Principal arterial,10,40575,43650,43950,2,1,2,3,2,2,2,1,2,17,1.9,26.8,242.6,571,10,533,9,606,8,744,7,726,12,289,454
181,FOR_GA-306,280,Forsyth,8.88,Collector,14,11580,12477.5,14090,2,1,2,2,2,1,2,2,2,16,2.6,36.5,324.9,178,5,175,2,145,2,198,6,194,8,353,337
182,FOR_GA-369 E,147,Forsyth,9.71,Minor arterial,11,16350,17525,17450,2,1,2,2,2,1,2,2,2,16,3,41.6,371.8,229,4,237,1,242,6,233,4,242,9,348,376
183,FOR_GA-369 W,283,Forsyth,8.94,Minor arterial,11,11125,11202.5,10557.5,2,1,1,2,2,1,1,2,1,13,1.7,22.2,198.1,76,2,80,6,58,0,88,1,89,5,166,196
184,FOR_GA-53,308,Forsyth,5.46,Principal arterial,10,11455,15150,15850,2,1,2,2,3,1,1,2,2,16,0.9,13.8,118.1,71,2,63,1,63,1,71,2,68,3,241,329
185,FOR_GA-9,347,Forsyth,10.3,Minor arterial,11,9256.7,9010,9593.3,2,1,2,2,2,2,2,2,2,17,2.1,27.7,252,128,1,108,3,88,3,127,7,111,9,436,441
186,FOR_US-19 N,254,Forsyth,12.08,Interstate / Freeway,1,53057.1,57800,61228.6,2,1,2,2,2,2,2,2,2,17,3.7,55.9,489.3,216,8,195,3,141,1,163,6,211,1,111,140
187,FOR_US-19 S,263,Forsyth,15.31,Interstate / Freeway,1,67800,74350,82350,2,2,2,2,2,3,2,1,1,17,3.3,50.5,443.5,175,1,203,5,131,0,247,6,204,1,76,159
188,FUL_ABERNATHY,212,Fulton,4.41,Principal arterial,10,28011.1,28522.2,30411.1,2,2,2,2,2,3,2,2,1,18,3.9,49.2,445.8,234,2,212,7,206,1,209,4,247,0,352,468
189,FUL_CAMPBELLTON,116,Fulton,4.63,Minor arterial,11,10240,11340,11436,1,3,3,2,2,1,2,3,3,20,3.6,44.6,395.2,144,10,187,8,150,7,165,6,155,3,973,882
190,FUL_CASCADE,204,Fulton,4.24,Minor arterial,11,13877.5,13860,15245,1,4,2,2,3,1,1,3,2,19,3.1,39.2,348.5,176,2,138,2,132,3,157,1,146,4,904,1299
191,FUL_COCHRAN,350,Fulton,9.15,Collector,14,715,770,665,2,3,2,2,2,1,2,3,1,18,0.6,7.8,66.3,5,0,2,0,3,0,1,1,6,2,76,20
192,FUL_DECATUR,40,Fulton,2.97,Minor arterial,11,15266.7,14063.3,11810,2,2,1,0,1,2,1,2,1,12,9.5,116.4,1038.2,183,3,213,7,155,3,317,3,293,1,1165,3456
193,FUL_FULTON,264,Fulton,7.4,Principal arterial,10,12625,13655,13715,1,3,2,3,2,2,2,2,2,19,1.1,13.7,120.5,46,4,121,15,98,5,114,11,101,7,195,72
194,FUL_FULTON N,72,Fulton,8.26,Minor arterial,11,28383.3,28983.3,29900,2,3,3,2,2,2,2,2,3,21,4.1,51.2,453.3,462,8,576,27,500,9,547,13,529,13,513,759
195,FUL_FULTON S,213,Fulton,7.93,Minor arterial,11,13640,14566.7,14090,1,3,2,2,1,1,2,2,2,16,2.4,30.4,272.2,136,4,140,10,92,4,141,7,139,5,330,180
196,FUL_GA-10,206,Fulton,3.3,Principal arterial,10,22150,24250,23250,2,2,2,0,1,2,2,2,1,14,9.1,112.8,1007.6,58,3,65,1,22,1,41,0,57,0,194,203
197,FUL_GA-120,70,Fulton,10.25,Minor arterial,11,30442.9,33671.4,34771.4,2,2,2,2,2,4,2,1,1,18,3.5,42.5,380.8,552,5,481,2,354,1,669,5,583,1,370,541
198,FUL_GA-13,110,Fulton,6.77,Parkway,3,51150,55950,57550,2,2,1,0,1,2,2,1,1,12,7.8,100.8,890.4,284,12,271,6,156,3,295,4,322,4,456,267
199,FUL_GA-138,76,Fulton,5.98,Principal arterial,10,21125,22700,23200,2,3,2,2,2,1,2,2,3,19,2.6,32.5,287.7,175,4,300,11,233,5,348,17,365,13,732,708
200,FUL_GA-139,132,Fulton,8.24,Minor arterial,11,14393.5,14408.5,14885.5,1,3,2,2,2,1,2,3,3,19,4.6,58.2,516.5,280,12,281,11,227,3,333,9,290,6,686,720
201,FUL_GA-14,183,Fulton,7.02,Minor arterial,11,10867.1,11814.3,11838.6,2,3,3,3,2,1,2,2,3,21,1.4,17.9,158.7,115,3,90,5,74,8,90,16,96,3,570,289
202,FUL_GA-140,19,Fulton,7.33,Principal arterial,10,46500,50540,51620,3,2,2,2,2,3,2,1,2,19,1.9,23.2,210.6,729,10,700,15,573,9,677,7,795,7,419,819
203,FUL_GA-141,30,Fulton,8.45,Principal arterial,10,34400,36200,37687.5,2,1,2,1,2,2,2,1,1,14,4.7,61.2,548.3,1073,22,884,21,638,12,1055,9,1031,8,853,1599
204,FUL_GA-154,287,Fulton,8.61,Minor arterial,11,6725,7935,8060,1,3,2,2,1,1,2,2,2,16,1.2,15.2,133.3,38,1,67,2,58,4,48,2,38,1,150,164
205,FUL_GA-166,197,Fulton,12.18,Expressway,2,51725,54775,56075,1,3,3,2,2,1,2,3,3,20,4,50.4,443.2,269,8,293,17,280,13,228,13,250,10,321,153
206,FUL_GA-237,31,Fulton,10.22,Minor arterial,11,22877.7,21600.8,22217.7,2,2,2,1,2,2,2,2,1,16,7.2,89.2,797.1,1361,22,1403,34,829,15,1454,7,1355,9,1281,2083
207,FUL_GA-279,73,Fulton,8.8,Minor arterial,11,23632.5,25060,24926.2,2,3,3,2,2,1,2,2,2,19,3.7,48.9,440.2,646,24,887,22,810,24,807,24,548,9,1080,1205
208,FUL_GA-3,6,Fulton,10.14,Minor arterial,11,20580,21429,25066.7,2,3,1,1,1,2,2,2,2,16,5.9,74,653.3,1196,26,1088,28,716,27,1149,20,1121,14,1497,1576
209,FUL_GA-372,329,Fulton,7.14,Minor arterial,11,10783.3,11036.7,9996.7,1,1,2,3,2,2,1,1,1,14,2,24.6,220.9,54,0,55,1,35,2,82,1,66,1,165,229
210,FUL_GA-400,48,Fulton,16.93,Interstate / Freeway,1,139442.7,150033.6,156239.1,2,2,2,2,2,3,2,1,2,18,4.2,52.2,467.4,868,9,938,13,754,19,1142,13,1169,15,155,250
211,FUL_GA-400 N,191,Fulton,16.57,Interstate / Freeway,1,113133.3,120200,127450,3,2,2,2,1,4,2,1,2,19,2.7,34.2,303.9,288,3,232,4,237,4,498,6,431,0,77,123
212,FUL_GA-400 S,107,Fulton,13.64,Interstate / Freeway,1,87788.9,97600,103037.5,2,1,2,1,2,2,2,1,1,14,6.5,80.6,722.2,417,8,429,8,281,6,566,8,669,7,135,204
213,FUL_GA-42,117,Fulton,3.79,Minor arterial,11,11724,11344,9258,2,3,2,2,2,1,2,3,3,20,5.1,65.6,583.4,160,3,153,4,130,1,195,7,164,2,620,683
214,FUL_GA-54,56,Fulton,10.83,Minor arterial,11,19592.7,20668.2,20711.8,2,3,2,3,2,2,2,3,3,22,4.3,60.6,553.8,593,21,680,46,472,19,533,19,543,4,1057,943
215,FUL_GA-6,79,Fulton,10.09,Principal arterial,10,34211.1,32600,33955.6,1,3,3,2,2,1,1,3,2,18,1.8,24.5,216.7,574,10,634,16,452,7,690,14,605,13,645,536
216,FUL_GA-70 N,343,Fulton,7.97,Minor arterial,11,640,635,640,2,2,1,1,2,1,2,3,1,15,0.5,6.5,52.7,5,1,4,0,3,0,3,1,6,0,68,9
217,FUL_GA-70 S,341,Fulton,5.13,Minor arterial,11,1530,1560,1580,2,1,1,2,3,1,2,2,1,15,0.5,6.3,47.9,2,0,3,1,1,0,8,1,5,0,35,20
218,FUL_GA-74,100,Fulton,6.82,Principal arterial,10,25150,27950,28750,2,3,3,3,2,2,2,2,2,21,1.2,16.7,147.3,213,7,345,8,172,2,314,4,256,7,444,371
219,FUL_GA-9,92,Fulton,9.15,Minor arterial,11,22844.4,23755.6,23477.8,2,2,2,2,2,3,2,1,2,18,3.4,41.2,368.8,359,6,349,6,296,4,430,4,470,4,547,510
220,FUL_GA-92,211,Fulton,7.31,Minor arterial,11,8650,9917.5,9867.5,2,3,3,3,2,1,2,2,2,20,1.8,22.8,203.6,139,4,143,4,111,2,109,0,105,2,450,336
221,FUL_HAMMOND,62,Fulton,3.03,Minor arterial,11,18236.7,16440,17136.7,2,2,2,1,2,3,2,1,1,16,6.2,80.1,718,181,4,202,2,143,3,435,5,284,1,1240,1247
222,FUL_HOUZE,215,Fulton,6.67,Minor arterial,11,17300,18600,17860,2,1,2,2,2,2,2,2,1,16,1.8,22.8,205.8,210,2,177,0,135,2,197,5,223,3,395,317
223,FUL_HUTCHESON,337,Fulton,9.31,Collector,14,2060,2363.3,2420,2,2,2,3,2,2,2,2,2,19,0.6,7.5,63,12,0,8,0,7,0,7,0,9,1,71,51
224,FUL_HWY 92,154,Fulton,8.98,Principal arterial,10,13320,13727.5,14025,2,3,2,2,2,2,2,2,2,19,2.1,26.6,243.1,152,5,175,7,117,1,171,5,135,4,259,296
225,FUL_I-20,89,Fulton,12.45,Interstate / Freeway,1,159875,173875,175125,1,3,2,1,2,1,2,3,3,18,6,76.3,673.9,807,23,805,15,712,28,917,10,763,15,211,276
226,FUL_I-285 N,13,Fulton,13.7,Interstate / Freeway,1,181228.6,196542.9,197157.1,2,2,2,1,2,3,2,1,1,16,6,75.3,670,1206,19,1234,20,729,10,1382,18,1361,7,220,324
227,FUL_I-285 W,145,Fulton,21.06,Interstate / Freeway,1,123066.7,133533.3,137706.7,1,3,3,2,2,1,2,3,3,20,3.1,41.4,361.1,869,30,817,20,711,29,901,22,860,26,181,206
228,FUL_I-75 MAG N,357,Fulton,17.18,Freeway HOV,4,45581.6,50373.7,51826.3,2,1,1,0,1,2,2,1,1,11,6.2,79.4,701.8,37,0,29,0,25,0,20,0,58,0,48,25
229,FUL_I-75 MAG S,352,Fulton,8.18,Freeway HOV,4,27417.1,29605.7,30034.3,2,3,2,2,2,1,2,3,3,20,4.3,65.2,566.7,23,2,27,0,20,2,14,0,23,0,75,33
230,FUL_I-75 N,94,Fulton,16.9,Interstate / Freeway,1,136096.7,150574.4,154900,2,1,1,0,1,2,2,1,1,11,6.2,78.8,697,1319,28,936,26,773,20,1361,22,1384,27,218,409
231,FUL_I-75 S,104,Fulton,8.8,Interstate / Freeway,1,123185,133195,135470,2,3,2,2,2,1,2,3,3,20,4.3,65.1,566.5,337,14,333,9,291,15,312,18,331,9,144,193
232,FUL_I-75/85,1,Fulton,14.73,Interstate / Freeway,1,259703.8,286941,294559,2,2,1,0,1,2,1,2,2,13,9.1,116.5,1024.2,3460,37,3704,59,2998,43,4398,69,3858,43,491,1058
233,FUL_I-75/85 MAG,351,Fulton,14.58,Freeway HOV,4,55534.3,61344.8,62869.5,2,2,1,0,1,2,1,2,2,13,9.1,116,1020.7,331,0,377,0,189,6,297,3,233,0,257,245
234,FUL_I-85,232,Fulton,22.63,Interstate / Freeway,1,109040,122400,126200,2,3,3,3,2,1,2,2,3,21,1.6,21.3,186.2,439,19,570,21,481,19,594,22,512,15,111,199
235,FUL_MARIETTA,231,Fulton,6.6,Minor arterial,11,17660,18500,19620,2,2,2,1,2,2,2,2,2,17,4.5,55.6,497.3,201,4,121,6,71,2,141,0,147,7,324,631
236,FUL_MOORES,186,Fulton,4.85,Minor arterial,11,13350,15900,15240,2,1,2,1,3,2,2,1,1,15,4.8,58.6,524.5,144,2,133,2,87,2,154,2,152,0,289,378
237,FUL_McGINNIS,216,Fulton,7.68,Minor arterial,11,11462.5,12335,12157.5,2,2,2,3,1,3,2,1,1,17,2.4,31.1,279.9,208,4,176,0,130,3,218,0,199,2,317,356
238,FUL_OLD ALABAMA,247,Fulton,7.88,Minor arterial,11,14400,13900,14550,2,2,2,2,2,3,2,1,2,18,3.6,43.4,388.6,170,3,135,1,130,2,217,2,207,1,252,467
239,FUL_PEACH-DUNW,277,Fulton,5.72,Minor arterial,11,16321.7,16125,16338.3,2,1,2,1,2,2,2,1,1,14,5.6,70.7,634.9,186,1,147,1,135,2,274,0,280,7,437,520
240,FUL_PEACHTREE,4,Fulton,4.05,Minor arterial,11,15560,15782.5,15545,2,2,1,0,1,2,1,2,1,12,11.7,147,1301.7,418,7,411,9,326,5,535,0,555,3,1511,1762
241,FUL_PLEASANT HILL,51,Fulton,8.42,Principal arterial,10,46700,50500,52500,4,3,2,2,2,4,4,1,3,25,2.9,38.3,358.3,633,5,495,5,606,6,871,7,927,1,427,760
242,FUL_RALPH,84,Fulton,7.01,Minor arterial,11,10683.8,10416.2,10698.8,1,3,2,2,2,1,1,3,3,18,4.7,58.9,520,318,5,365,8,335,2,362,4,365,12,1317,1471
243,FUL_ROOSEVELT,55,Fulton,9.9,Principal arterial,10,15779.1,15977.3,16088.2,2,3,3,2,2,1,2,2,3,20,2.3,31.3,275.5,277,7,397,14,377,27,464,20,340,23,1039,682
244,FUL_ROSWELL,57,Fulton,10.34,Principal arterial,10,26622.2,26733.3,27322.2,2,2,2,1,2,3,2,1,2,17,2.7,33.3,299.4,893,7,874,6,748,6,1074,18,1024,11,717,1047
245,FUL_S FULTON,309,Fulton,12.06,Principal arterial,10,4990,5580,5555,2,1,2,2,3,1,2,3,2,18,0.5,7.3,58.9,31,2,35,3,25,1,20,0,19,0,50,56
246,FUL_STATE BRIDGE,136,Fulton,5.16,Principal arterial,10,35733.3,37266.7,40000,2,2,2,2,2,4,2,1,1,18,2.9,35.1,316.4,200,1,179,3,202,0,344,2,372,0,239,307
247,FUL_STONEWALL,320,Fulton,7.67,Minor arterial,11,8310,8520,8340,2,3,2,2,2,2,2,2,2,19,1.5,19.3,172.1,83,6,88,6,76,6,109,3,66,1,355,431
248,FUL_TED,36,Fulton,2.1,Minor arterial,11,13421.2,10497.5,10476.2,1,3,2,0,1,2,1,2,2,14,11,136.6,1209.8,185,3,157,1,97,2,201,2,229,0,1384,2093
249,FUL_US-19,53,Fulton,5.21,Principal arterial,10,22000,25800,26200,2,1,2,1,2,2,2,1,1,14,4.3,53,475,429,11,402,4,371,0,466,5,434,8,931,1516
250,FUL_US-278,12,Fulton,5.56,Principal arterial,10,22000,24080,24440,1,3,1,1,2,1,1,3,2,15,3,37.8,336.7,619,22,560,27,471,26,590,21,539,10,1085,1458
251,FUL_US-29,251,Fulton,7.84,Expressway,2,46233.3,52000,53866.7,1,3,3,2,2,1,2,2,3,19,2.3,29.8,260.5,86,7,155,16,86,1,120,8,102,8,173,170
252,FUL_US-41,171,Fulton,7.86,Minor arterial,11,15470,16400,16787.5,2,1,2,1,2,2,2,1,1,14,5.4,67.7,605.1,315,3,281,5,201,2,323,10,334,3,532,536
253,FUL_WOODSTOCK,95,Fulton,5.29,Principal arterial,10,45120,47240,49320,2,1,2,2,3,2,2,2,1,17,1.9,23.3,208.9,261,2,245,3,240,6,333,5,368,1,242,416
254,GWI_BUFORD,124,Gwinnett,8.72,Minor arterial,11,26316.7,28150,28200,3,3,2,2,2,3,3,1,2,21,4.6,60.5,567.4,264,6,375,4,246,4,392,7,420,0,441,475
255,GWI_GA-10,60,Gwinnett,7.57,Principal arterial,10,35160,37720,38600,2,2,2,2,2,2,2,2,2,18,2.3,32.1,296.2,489,3,418,11,478,16,528,11,547,7,527,678
256,GWI_GA-120 E,65,Gwinnett,5.3,Minor arterial,11,28147.7,28721.5,34638.5,3,3,2,2,2,3,3,1,3,22,5.2,69.7,655.8,279,7,434,5,357,1,550,12,586,9,963,1013
257,GWI_GA-120 W,202,Gwinnett,6.65,Minor arterial,11,16066.7,15803.3,15163.3,2,2,2,2,2,4,3,1,2,20,3.4,46,430.2,172,1,146,2,170,7,270,2,259,1,404,365
258,GWI_GA-124,26,Gwinnett,9.76,Principal arterial,10,30828.6,30025,31075,2,2,2,2,2,3,2,2,2,19,2.2,29.9,279.5,801,6,789,12,688,10,899,8,903,6,579,768
259,GWI_GA-140,10,Gwinnett,8.73,Principal arterial,10,36762.5,39712.5,41225,4,3,2,2,2,4,4,1,3,25,3.1,42.4,395,872,16,731,3,752,5,1026,11,1083,16,567,900
260,GWI_GA-141,58,Gwinnett,9.87,Principal arterial,10,40971.4,42471.4,42942.9,2,2,2,2,2,3,2,1,1,17,5.7,70.9,646.1,410,2,401,6,372,7,572,4,560,4,273,353
261,GWI_GA-20 N,68,Gwinnett,10.32,Principal arterial,10,46157.1,49742.9,50557.1,3,2,2,2,2,3,2,2,2,20,1.7,23.7,220.5,511,2,638,5,578,12,781,12,747,7,362,443
262,GWI_GA-20 S,74,Gwinnett,11.32,Minor arterial,11,20197.5,21532.1,21802.1,2,2,2,3,2,2,2,2,2,19,4.2,59.6,555.3,532,5,441,9,502,4,703,5,733,6,513,555
263,GWI_GA-316,142,Gwinnett,19.41,Interstate / Freeway,1,66412.5,71687.5,73850,3,3,2,3,1,3,3,1,3,22,3.2,42.4,397.8,464,7,542,9,427,9,702,9,682,7,166,193
264,GWI_GA-317,173,Gwinnett,7.59,Minor arterial,11,31300,33833.3,34600,3,2,2,2,2,3,3,1,2,20,4.6,61.3,576.7,469,8,477,4,363,2,397,3,575,8,484,563
265,GWI_GA-378,27,Gwinnett,6.44,Minor arterial,11,32700,34640,33900,4,3,2,3,1,4,4,1,3,25,6.3,84.9,799.5,354,3,347,7,277,3,518,7,549,7,623,639
266,GWI_GA-8,69,Gwinnett,8.14,Minor arterial,11,15813.2,16183.2,16914.4,3,3,2,3,1,3,3,2,3,23,3.5,48.3,453.5,253,4,341,5,326,5,397,8,459,8,767,640
267,DEK_I-20 E,41,DeKalb,18.12,Interstate / Freeway,1,134410,143131.1,144110,1,3,3,2,2,1,2,2,3,19,3.9,57.5,528.5,1483,39,1531,37,1238,24,1406,18,1521,20,335,532
268,GWI_I-85,3,Gwinnett,20.53,Interstate / Freeway,1,220082.4,235414.1,240701.6,4,3,2,3,1,4,4,1,3,25,4.4,63,581.4,2242,23,2298,32,1864,35,2749,24,2456,27,255,491
269,GWI_I-85 MAG,349,Gwinnett,20.32,Freeway HOV,4,44354.4,47557.3,48538.9,4,3,2,3,1,4,4,1,3,25,4.4,63,580.9,102,1,107,1,97,0,116,0,123,1,89,67
270,GWI_I-85 N,127,Gwinnett,14.66,Interstate / Freeway,1,120200,131000,135800,2,3,2,2,2,3,3,1,2,20,4.3,58.3,547.9,553,13,509,25,496,11,701,8,630,9,153,234
271,GWI_I-85 N MAG,355,Gwinnett,16.17,Freeway HOV,4,30050,32750,33950,2,3,2,2,2,3,3,1,2,20,4.1,55.3,519.2,154,2,107,2,64,0,105,2,72,2,178,86
272,GWI_I-985,269,Gwinnett,20.3,Interstate / Freeway,1,61250,69950,73500,3,2,2,2,2,3,2,2,2,20,2.6,45.4,393.6,312,1,328,2,222,5,313,1,328,10,92,102
273,GWI_McGINNIS,270,Gwinnett,8.36,Minor arterial,11,34950,37300,35650,2,2,2,2,1,3,2,1,2,17,3,39.4,365.4,378,3,406,6,301,2,379,2,351,1,305,410
274,GWI_PEACHTREE IND N,187,Gwinnett,10.23,Principal arterial,10,30350,31925,31925,2,2,2,2,2,3,2,1,2,18,1.8,23.6,219.8,238,1,203,7,143,2,191,1,332,0,170,163
275,GWI_PEACHTREE IND S,77,Gwinnett,7.86,Principal arterial,10,35420,37360,37640,3,2,2,2,2,3,3,1,2,20,2.9,38.9,363.1,188,5,233,5,199,0,375,3,357,1,228,262
276,GWI_RONALD REAGAN,241,Gwinnett,14.17,Parkway,3,38781.8,41336.4,37945.5,3,2,2,3,2,3,3,1,2,21,2.7,37,346.1,164,2,144,7,165,3,192,6,140,6,159,102
277,GWI_SATELLITE N,278,Gwinnett,9.96,Minor arterial,11,13500,13260,14200,2,2,2,2,2,3,3,1,2,19,2.9,39.2,366.7,132,3,135,4,120,1,173,3,187,4,479,193
278,GWI_SATELLITE S,113,Gwinnett,6.67,Minor arterial,11,21700,21066.7,21733.3,3,3,2,2,1,4,4,1,3,23,4.4,59.2,555.3,213,6,193,1,191,2,322,2,371,4,1048,330
279,GWI_SUGARLOAF E,322,Gwinnett,10.93,Expressway,2,NA,NA,NA,2,2,2,3,1,2,2,2,2,18,2.4,32.2,302.1,49,1,43,3,29,2,41,1,34,0,82,128
280,GWI_SUGARLOAF S,135,Gwinnett,4.34,Principal arterial,10,34800,38150,38500,2,3,2,2,2,3,3,2,2,21,2.7,37.3,349.4,175,5,204,3,189,4,277,3,237,0,328,432
281,GWI_SUGARLOAF W,167,Gwinnett,7.97,Principal arterial,10,35116.7,34083.3,35450,3,3,2,2,2,4,3,1,2,22,2.8,37.2,347.6,422,0,364,5,420,6,626,10,627,9,398,583
282,GWI_US-23,245,Gwinnett,8.27,Minor arterial,11,11775,12582.5,12475,2,2,2,2,1,3,2,1,2,17,2.7,35.6,333.1,133,2,97,5,73,0,109,2,144,4,305,185
283,GWI_US-29,44,Gwinnett,10.77,Minor arterial,11,30875,31787.5,32550,4,3,2,3,2,4,4,1,3,26,4.9,66.1,620.5,727,11,659,16,594,11,830,22,879,27,697,766
284,GWI_US-78,67,Gwinnett,12.02,Principal arterial,10,60080,61060,61300,2,2,2,2,2,2,2,2,2,18,2.6,38.4,354.7,702,13,557,11,597,6,800,7,865,6,321,366
285,HAL_GA-11,71,Hall,4.62,Principal arterial,10,20101.8,21971.8,22375.5,4,2,2,2,2,3,4,3,3,25,6.7,106.8,921.7,336,2,314,4,258,2,296,4,330,6,809,941
286,HAL_GA-13 N,88,Hall,10.38,Minor arterial,11,13455,14167.5,14226.2,4,2,2,3,2,3,4,2,3,25,5.7,101,858.3,347,4,325,7,231,10,315,4,281,3,1012,660
287,HAL_GA-13 S,189,Hall,7.76,Minor arterial,11,16241.4,17872.9,18427.1,3,2,2,2,2,2,2,2,2,19,3.3,49.2,441.5,139,6,134,4,131,1,150,1,181,4,515,297
288,HAL_GA-211,208,Hall,5.08,Minor arterial,11,20175,23000,23475,2,1,2,2,3,2,2,2,1,17,3.4,57.1,490.5,181,5,137,2,115,0,136,0,78,3,231,362
289,HAL_GA-284,311,Hall,9.07,Collector,14,6080,6176.7,6273.3,3,1,2,1,3,2,3,3,2,20,1.8,28.8,226,58,2,57,2,47,4,46,3,47,0,831,153
290,HAL_GA-347,335,Hall,9.27,Minor arterial,11,21433.3,24533.3,25300,2,1,2,3,3,2,2,2,2,19,3.3,53.8,464.7,193,2,208,5,125,5,193,2,128,2,387,278
291,HAL_GA-369,141,Hall,7.42,Minor arterial,11,19633.3,21016.7,22216.7,4,3,1,3,2,3,4,2,3,25,3.2,52.1,444,312,10,293,9,250,11,265,10,284,1,489,668
292,HAL_GA-53,233,Hall,10.66,Principal arterial,10,21542.9,23885.7,24171.4,4,2,2,2,2,3,4,2,3,24,2.9,48.9,409.7,393,8,409,3,339,7,392,2,376,0,351,384
293,HAL_GA-60 N,253,Hall,5.36,Principal arterial,10,24525,26500,27075,3,1,3,2,3,2,2,3,2,21,3.2,52.8,443.7,174,6,170,4,148,10,164,2,159,2,277,361
294,HAL_GA-60 S,236,Hall,9.64,Minor arterial,11,15638.6,17278.6,17857.1,4,3,1,3,1,3,4,2,3,24,3.7,62.3,530.8,270,9,250,13,175,7,249,2,234,4,614,549
295,HAL_I-985 N,229,Hall,13.13,Interstate / Freeway,1,48966.7,57200,59233.3,4,3,2,2,2,3,4,2,3,25,5,101.3,834.1,142,0,156,2,123,0,116,1,103,4,93,101
296,HAL_I-985 S,227,Hall,16.26,Interstate / Freeway,1,56550,65650,68400,3,1,2,2,2,2,2,2,2,18,5.8,116.4,968.2,229,1,227,3,183,1,193,5,196,6,81,112
297,HAL_JESSE,7,Hall,3.55,Principal arterial,10,28800,31288.9,32188.9,4,3,2,3,2,3,4,2,3,26,6.7,105.5,912.1,359,3,359,5,304,1,363,3,306,0,1114,1455
298,HAL_MCEVER,268,Hall,9.33,Minor arterial,11,13682,14884,15534,4,2,2,2,2,3,4,2,3,24,3.8,59.5,513.6,204,3,209,6,129,2,158,0,176,1,407,316
299,HAL_SPROUT SPRINGS,342,Hall,9.08,Minor arterial,11,11375.7,12164.3,11627.1,2,1,2,2,2,2,2,2,1,16,2.7,45.1,388.8,218,3,165,7,149,5,153,6,165,2,389,374
300,HAL_US-129 N,267,Hall,10.45,Principal arterial,10,13220,14535.7,15080,3,2,2,2,3,2,3,3,2,22,2.4,42.8,341.8,183,5,180,3,156,6,187,4,187,6,241,227
301,HAL_US-129 S,192,Hall,8.05,Principal arterial,10,24533.3,27333.3,28400,4,3,2,3,2,3,4,2,3,26,2.3,41,339.8,179,5,154,3,145,8,141,3,122,4,291,307
302,HAL_US-23,295,Hall,7.19,Parkway,3,30600,33100,33533.3,2,1,2,1,3,1,2,3,2,17,2,44.6,346.1,82,2,89,5,64,0,68,0,66,1,81,95
303,HAL_WINDER,199,Hall,7.11,Principal arterial,10,24400,26150,26650,4,2,2,2,2,2,3,2,2,21,6.1,100.8,864.9,306,8,260,5,205,3,254,3,209,0,321,357
304,HEN_GA-138,128,Henry,8.29,Principal arterial,10,22428.6,24614.3,24300,2,3,2,2,1,2,2,2,3,19,1.7,23.9,220.7,217,6,185,4,183,8,285,4,279,2,348,393
305,HEN_GA-155,175,Henry,8.18,Principal arterial,10,11340,12933.3,13066.7,2,2,2,2,2,1,2,2,2,17,1.9,26.2,243.5,107,5,90,7,95,3,131,3,107,2,167,167
306,HEN_GA-20,83,Henry,12.25,Principal arterial,10,18397.5,19880,19332.5,2,3,2,3,1,2,2,2,3,20,2.9,40.7,383.6,431,15,508,8,472,5,524,8,463,3,672,378
307,HEN_GA-81,190,Henry,13.35,Principal arterial,10,11327.9,12362.9,12897.1,1,2,2,2,2,1,2,2,2,16,1.4,19.8,180.7,266,10,201,3,199,3,267,2,239,3,219,263
308,HEN_GA-81 W,225,Henry,8.82,Minor arterial,11,5985,6625,6965,2,2,2,3,1,2,2,2,2,18,1.2,17.8,163.5,189,3,192,6,141,3,163,3,153,8,681,342
309,HEN_I-75 MAG,360,Henry,11.43,Freeway HOV,5,NA,NA,NA,2,3,3,2,2,2,2,2,2,20,2.8,45.5,411.8,19,0,2,0,3,0,2,0,5,0,13,5
310,HEN_I-75 N,170,Henry,21.49,Interstate / Freeway,1,139200,151600,158000,2,3,3,2,2,2,2,2,3,21,2.8,45,407.4,703,20,1280,17,851,18,1174,16,1120,7,236,360
311,HEN_I-75 S,262,Henry,20.75,Interstate / Freeway,1,84266.7,95466.7,99466.7,2,2,2,2,2,1,2,2,2,17,2,38.9,338.7,441,7,523,8,336,6,451,7,369,16,129,152
312,HEN_JACKSON,346,Henry,6.24,Collector,14,3265,3470,3605,2,1,2,3,2,1,2,2,2,17,1,13.9,127.4,17,1,17,1,19,0,33,0,19,0,314,194
313,HEN_JONESBORO,146,Henry,9.81,Principal arterial,10,20027.3,22500,23236.4,2,3,2,2,2,2,2,2,2,19,3,41.9,393.6,542,5,462,2,347,5,547,6,507,2,664,1012
314,HEN_MCDONOUGH,66,Henry,10.62,Minor arterial,11,16432.9,17600,17385.7,2,3,2,2,2,1,2,2,2,18,2.5,36.6,338.1,539,4,553,13,472,6,566,3,541,11,747,889
315,HEN_PANOLA,306,Henry,7.25,Minor arterial,11,11105,12005,12223.3,2,3,2,2,2,2,2,2,2,19,2.7,39.5,366.4,105,5,105,6,122,0,144,1,124,1,351,464
316,HEN_US-19,99,Henry,10.88,Principal arterial,10,32885.7,34942.9,32085.7,2,3,2,3,1,2,2,2,3,20,1.6,25.2,230.1,444,17,707,26,602,32,617,25,544,20,419,405
317,HEN_US-23 N,161,Henry,9.96,Minor arterial,11,11070.6,11993.3,11892.2,2,2,2,3,2,2,2,2,2,19,2.9,40.2,378.7,301,11,317,6,238,4,279,5,279,1,777,576
318,HEN_US-23 S,255,Henry,8.01,Minor arterial,11,15300,17180,17260,2,2,2,2,2,1,2,2,2,17,2.5,35.5,330.9,240,5,274,4,179,5,164,5,148,3,529,406
319,NEW_GA-11,256,Newton,9.95,Minor arterial,11,7198,7352,7702,1,1,2,2,3,1,1,3,2,16,2.4,35.6,254.5,75,5,77,3,57,2,70,2,58,2,219,194
320,NEW_GA-138,111,Newton,11.33,Principal arterial,10,21557.1,23071.4,22400,2,2,3,2,2,2,2,2,3,20,3.1,44.4,409.4,318,11,297,11,253,11,321,7,317,12,317,324
321,NEW_GA-142,158,Newton,7.06,Principal arterial,10,18475,20325,20325,2,2,2,3,2,1,2,3,3,20,1.8,28.6,253.9,175,7,207,9,164,7,203,3,187,4,986,746
322,NEW_GA-162 N,54,Newton,7.09,Minor arterial,11,23300,24625,24400,2,3,2,2,2,1,2,3,3,20,3.6,52.8,483.9,518,13,531,21,451,14,446,10,451,10,1150,1687
323,NEW_GA-162 S,314,Newton,11.33,Minor arterial,11,5290,5420,6206.7,1,2,2,3,2,1,1,3,2,17,1.6,23.5,202.3,69,11,112,8,68,5,69,5,72,5,362,237
324,NEW_GA-20,248,Newton,10.45,Minor arterial,11,12000,13520,13420,2,2,2,3,2,2,2,2,2,19,2.4,33.7,312.8,121,6,148,3,86,7,115,3,106,1,185,180
325,NEW_GA-212,318,Newton,8.9,Minor arterial,11,7593.3,7873.3,7820,1,2,2,2,2,1,1,3,2,16,1.8,28.2,252.9,55,5,68,9,42,5,52,2,47,1,204,152
326,NEW_GA-36,288,Newton,10.01,Minor arterial,11,9907.5,12730,13175,2,2,2,3,2,1,2,3,3,20,1.9,30.3,266.8,71,4,105,4,83,6,118,11,91,1,252,209
327,NEW_GA-81 N,222,Newton,9.38,Minor arterial,11,9200,9565.7,9498.6,2,1,2,2,3,1,2,3,2,18,2.3,35.9,321.5,89,3,81,8,69,2,78,5,95,4,208,193
328,NEW_GA-81 S,149,Newton,11.49,Principal arterial,10,10248.9,10695.6,10615.6,2,2,2,3,2,1,2,3,3,20,2.6,39.8,356.9,199,6,217,8,144,5,187,4,212,10,280,397
329,NEW_US-278,162,Newton,9.8,Minor arterial,11,15571.2,16415,16938.8,2,2,2,2,3,1,2,3,2,19,2.3,36.3,292.8,219,4,214,10,153,4,177,3,164,2,785,340
330,PAU_GA-120 CONN,321,Paulding,7.39,Minor arterial,11,7370,7936.7,7923.3,2,1,2,2,2,1,2,2,2,16,2.3,29.1,235,44,2,44,3,56,2,88,2,94,1,284,166
331,PAU_GA-120 E,98,Paulding,10.21,Principal arterial,10,30833.3,33833.3,33783.3,2,1,2,2,2,1,1,2,2,15,1.8,23.4,195,487,8,535,21,370,4,483,6,477,4,342,381
332,PAU_GA-120 W,313,Paulding,8.53,Minor arterial,11,7710,8215,8055,2,1,3,2,2,1,2,3,2,18,1.4,17.5,127.3,50,2,42,2,50,8,56,0,48,2,151,116
333,PAU_GA-61 N,230,Paulding,11.48,Minor arterial,11,13221.4,13982.9,13891.4,2,1,2,2,2,1,2,2,2,16,2,25.1,191.5,190,7,171,3,141,2,178,4,151,9,300,303
334,PAU_GA-61 S,180,Paulding,8.07,Minor arterial,11,15066.7,15700,16133.3,2,1,2,2,2,1,1,2,2,15,2.4,31.3,251.5,166,2,173,6,168,12,175,6,185,10,413,495
335,PAU_GA-92,96,Paulding,12.87,Principal arterial,10,13795,13873.8,12995,2,2,2,2,2,2,2,2,2,18,3.1,39.8,334.3,334,8,370,9,316,2,417,11,419,7,380,461
336,PAU_US-278,118,Paulding,10.13,Principal arterial,10,25783.3,28883.3,29416.7,2,2,2,2,2,2,2,2,2,18,1.9,25.5,204.1,266,7,451,31,369,16,439,8,371,7,348,317
337,ROC_GA-138,172,Rockdale,9.37,Principal arterial,10,11470,11932,11804,2,2,2,2,3,2,2,2,2,19,1.6,22.6,207.5,132,4,134,7,113,4,130,2,143,1,207,217
338,ROC_GA-155,196,Rockdale,6.61,Principal arterial,10,11360,12100,12420,1,3,2,2,2,1,1,2,2,16,1.3,18,163.4,98,11,84,10,76,5,105,3,109,2,191,227
339,ROC_GA-162,108,Rockdale,7.77,Principal arterial,10,15920,16480,15820,2,3,3,2,2,2,2,2,3,21,2.6,36.1,333.7,248,9,175,5,212,5,252,7,255,5,824,450
340,ROC_GA-20,61,Rockdale,7.68,Minor arterial,11,26825,27850,27150,2,2,2,2,3,2,2,2,3,20,3.6,49.5,462.6,568,14,429,15,421,8,537,11,533,10,845,768
341,ROC_GREEN,279,Rockdale,6.44,Collector,14,6675.6,7153.3,7091.1,2,3,3,2,2,2,2,2,4,22,3.4,51.3,473.3,126,2,80,4,99,1,136,1,150,0,1473,828
342,ROC_I-20,209,Rockdale,18.39,Interstate / Freeway,1,99483.3,112366.7,113783.3,2,3,2,2,2,2,2,2,3,20,3.2,48.1,442.2,417,21,404,13,303,27,353,16,346,6,113,87
343,ROC_LOGANVILLE,260,Rockdale,7.12,Minor arterial,11,8667.5,9050,8215,2,2,3,3,2,2,2,2,3,21,2,27.3,254.2,88,7,62,4,74,7,71,5,84,1,219,161
344,SPA_GA-155,177,Spalding,7.29,Minor arterial,11,8475,9227.5,8985,2,2,2,2,3,1,1,3,3,19,2.7,43.5,383.3,74,6,81,2,80,1,95,4,103,1,228,306
345,SPA_GA-16,97,Spalding,11.42,Parkway,3,17722.2,19133.3,19377.8,2,2,2,2,2,1,1,3,3,18,3.2,50.2,409.6,252,16,261,10,268,11,290,7,277,4,558,419
346,SPA_GA-3,218,Spalding,9.62,Expressway,2,27975,30775,31975,2,2,2,2,2,1,1,2,3,17,2.5,43.9,372.9,105,1,145,4,119,7,98,3,107,1,203,167
347,SPA_GA-92,271,Spalding,7.63,Minor arterial,11,7645,8360,8275,2,2,2,2,3,1,1,3,3,19,1.6,24.8,194.9,83,10,79,4,81,3,74,4,80,3,349,172
348,SPA_MCINTOSH,281,Spalding,6.32,Minor arterial,11,4792.5,5182.5,5345,1,2,3,2,3,1,1,3,4,20,1.9,30.2,266,67,4,73,9,86,2,78,4,79,4,740,401
349,SPA_NEWNAN,250,Spalding,6.37,Minor arterial,11,7720,8355,8505,2,2,2,2,2,1,1,2,3,17,2,32,261.2,28,3,25,1,28,6,46,6,55,3,182,116
350,SPA_US-19,129,Spalding,6.65,Principal arterial,10,25980,28400,27200,2,2,3,2,2,1,1,3,4,20,1.6,26.5,232.6,136,12,176,13,133,9,155,1,131,6,201,178
351,SPA_US-41,266,Spalding,4.53,Minor arterial,11,10565,11202.5,10800,1,2,2,2,3,1,1,2,3,17,2.7,44.7,391.7,88,6,97,2,101,7,76,4,96,4,575,741
352,WAL_CHARLES,242,Walton,11.86,Minor arterial,11,10952,12820,12994,2,1,2,3,2,2,2,2,2,18,3.1,44.5,353.5,244,6,232,5,195,5,155,7,176,8,386,401
353,WAL_GA-10,152,Walton,13.39,Principal arterial,10,25462.5,27612.5,27062.5,2,1,2,2,2,2,1,2,2,16,4.5,66.6,578.2,252,10,294,2,295,5,279,4,287,3,385,313
354,WAL_GA-11,185,Walton,11.36,Minor arterial,11,12769.1,13649.1,13683.6,1,2,2,2,2,1,1,3,3,17,2.9,38.2,268.1,149,5,138,5,150,2,154,3,178,8,263,368
355,WAL_GA-138,148,Walton,7.86,Principal arterial,10,17475,18575,18900,1,1,2,2,2,1,2,2,2,15,3.3,49.2,421.5,170,6,183,9,140,1,147,5,162,1,328,371
356,WAL_GA-20,207,Walton,7.07,Minor arterial,11,11100,11780,11340,2,2,3,3,2,2,2,2,2,20,3,44.5,404.6,131,4,161,8,131,3,142,6,149,4,459,354
357,WAL_GA-81,166,Walton,6.76,Minor arterial,11,13850,14650,14575,2,1,2,2,2,2,2,2,2,17,3.4,52.2,470.1,133,6,135,5,96,0,124,0,126,5,356,390
358,WAL_I-20,286,Walton,23.74,Interstate / Freeway,1,57100,63500,65840,2,2,2,2,2,2,2,3,2,19,2.2,39.1,335.4,231,10,233,14,183,7,175,8,183,6,91,106
359,WAL_US-78,275,Walton,11.38,Principal arterial,10,23600,25900,24200,1,1,2,2,2,1,1,3,3,16,3.8,54.2,370.3,30,0,36,0,17,0,22,0,54,1,58,45
