cor,dir1,dir1_am_peak_25pctl_2021,dir1_am_peak_75pctl_2021,dir1_am_peak_25pctl_2022,dir1_am_peak_75pctl_2022,dir1_am_peak_25pctl_2023,dir1_am_peak_75pctl_2023,dir1_pm_peak_25pctl_2021,dir1_pm_peak_75pctl_2021,dir1_pm_peak_25pctl_2022,dir1_pm_peak_75pctl_2022,dir1_pm_peak_25pctl_2023,dir1_pm_peak_75pctl_2023,dir2,dir2_am_peak_25pctl_2021,dir2_am_peak_75pctl_2021,dir2_am_peak_25pctl_2022,dir2_am_peak_75pctl_2022,dir2_am_peak_25pctl_2023,dir2_am_peak_75pctl_2023,dir2_pm_peak_25pctl_2021,dir2_pm_peak_75pctl_2021,dir2_pm_peak_25pctl_2022,dir2_pm_peak_75pctl_2022,dir2_pm_peak_25pctl_2023,dir2_pm_peak_75pctl_2023
0,Northbound,39.7,46.2,40.1,44.9,37.5,45.5,40.2,44.2,35.7,45.5,37.7,45.2,Southbound,42,48,38.5,46,40.4,46.7,36.8,46,39.1,46.4,39.1,45.3
1,Northbound,37.9,42,35.8,40.2,36.1,41.9,36.6,40,35.7,41.5,34.4,38.8,Southbound,37.9,42.5,34.7,39,38.4,41.9,34.3,38.5,38,41.6,33.4,37.5
2,Northbound,53,57,43.7,52,56.1,60.6,52.5,58.4,53,58.2,49.5,55.6,Southbound,40.8,51.2,42.5,51.7,41.8,53.5,45.1,54.2,41.3,52.6,43.8,53.2
3,Northbound,38.7,42.2,31.7,38.8,38.8,42.1,31.4,37.8,37.9,41,31.5,37.4,Southbound,37.6,41.8,32.2,37.7,37.2,40.9,32,37,35.1,39.9,28.4,35.8
4,Northbound,69.4,73,68.7,74.2,70.7,73.5,68.9,72.7,71,73.7,70,72.7,Southbound,72.3,75.1,70.3,73.7,72.4,74.7,70.9,73.6,72.4,74.7,70.9,74.1
5,Northbound,51.8,58.6,56.2,60.5,55.2,62,57.9,63.6,53.3,61.5,58.3,63,Southbound,58.8,62.9,53.9,60.3,61.9,65,56.3,61.9,62.7,65.5,49.9,60.6
6,Northbound,36.5,41,34.5,38.7,35.9,41,34.5,38.3,34.6,40.6,33.6,37.1,Southbound,37.7,41.3,34.3,38.5,37.7,41.4,35.3,39.2,37.7,41.1,33.5,37.6
7,Eastbound,54,58,52,57,55,59,54,58,55,59,56,59,Westbound,53,58,55,59,54,58,56,59,57,59,57,60
8,Eastbound,44.9,51.1,47.4,50.4,44.5,49.9,46.1,50.1,45.2,49.9,46.1,50.1,Westbound,47.4,51.4,48,51,47.4,51,47.6,51,47.6,51,48.2,50.6
9,Eastbound,45.8,49.8,45.4,49.1,46.9,50.4,47,50.5,47.5,51,47,50.5,Westbound,44.5,48.2,44.5,48.2,45.5,47.9,45.5,49.3,44.8,47.9,45.4,48.3
10,Northbound,48.2,51.5,47.1,50.4,48.4,51,47.4,49.7,47.7,50.7,47.1,49.1,Southbound,49.4,51.9,47.8,50.8,48.3,51.2,48.4,50.4,48.6,50.5,47.8,50
11,Northbound,31,37,30,35,29,36,29,34,29,36,28,33,Southbound,29,37,28,36,26,36,28,36,23,36,26,36
12,Northbound,31.7,38.7,27.2,33.7,33.4,38.9,29.4,35.8,34.6,39.1,29.5,34.5,Southbound,32.3,38.4,28.6,34.3,33.4,38.2,29.5,33.9,33.3,38.6,29.5,33.9
13,Northbound,47.1,51.2,47.3,50.4,45.4,49.4,46.7,49.8,45.8,49.2,46.7,49.8,Southbound,49.3,52.3,49.8,52.8,48.5,50.7,50.1,52.1,49,51.3,49.8,52.1
14,Northbound,71.6,75,72.8,76,71.8,75.2,73.6,76,71.8,75,75.4,77.6,Southbound,71.4,74.8,71.4,74.6,72.4,74.8,73.2,75.4,73.6,76.4,73.2,75.6
15,Northbound,70.4,74.4,69.7,73.9,71,74.3,70.9,74.1,71,74.4,71.5,74.4,Southbound,68.8,74.6,69.8,74.4,50.2,74.6,72.6,76.1,45.8,73.9,71.6,74.5
16,Northbound,30.1,39.3,30,37.5,32.7,42,31.3,39.6,34.7,43,35.4,39.7,Southbound,30.2,40.6,24.5,33,32.7,43.2,25.2,34.3,39.1,42.8,29.7,36.1
17,Northbound,48.9,53.9,49.2,53.3,48.6,53.3,48.8,52.9,48.4,53.4,49.2,53,Southbound,48.9,53.9,48.7,53.2,48.3,53.2,49.4,53,47.1,53.5,49.2,52.9
18,Northbound,48.6,54.7,47.8,53.5,48.8,54.1,48.3,54.1,47.5,53.9,43.7,51.7,Southbound,44,51,43.2,49.3,44.1,50.8,44.1,48.9,42.7,50,42.2,47.6
19,Northbound,60.5,65.3,62.9,66.1,61.3,66.1,63.1,66.1,59.7,63.5,62.1,64.3,Southbound,62.1,66.3,64.7,67.9,63.1,66.9,65.1,67.3,61.3,64.3,63.1,65.3
20,Northbound,34.9,43.7,31.7,40.4,38.5,46.4,32.5,43,42.4,46.3,37.3,41.7,Southbound,41.8,49.7,42.4,48.7,43.9,50,43.3,49.1,44.4,49.4,44.1,47.9
21,Northbound,45.4,49.3,42.7,47.3,45.4,48.9,41.6,45.9,45.4,49.2,43.3,46.3,Southbound,45.4,48.7,44.4,47.5,44.6,48.2,45,47.4,45.1,48.8,45.7,48.6
22,Eastbound,42.1,50.1,44.3,48.4,41.3,49.4,44.6,47.7,39.3,48.8,45.4,47.4,Westbound,43.2,49.8,44.5,49,43.7,48.4,44.3,48,43.8,48.7,44.6,47.4
23,Eastbound,39.5,46.8,35.5,42.4,39.8,46.8,37.1,42.8,41.4,47.1,38.1,42.2,Westbound,35.6,42.9,32.3,39,36.6,42.5,33.5,39.6,37.1,42.7,33.7,39
24,Eastbound,41.1,51,46.3,50.2,39.2,50,46.4,50.2,38.9,50.4,46.5,50.2,Westbound,44.4,49.9,42.1,48.5,41.7,49.5,38.7,47.1,41.7,49.7,37.6,46.9
25,Eastbound,49.2,52.7,48.7,51.7,49.7,52.7,47.7,51.2,49.7,52.7,48.2,51.2,Westbound,48.1,51.2,46.5,49.1,48.2,51.2,46.6,49.7,48.1,51.2,46.1,49.1
26,Northbound,52,56,52,55.3,53,56.3,52,56,53.6,57,53,57,Southbound,49.9,54,50.9,55.3,50.3,55.3,51.3,55.3,50.5,54.9,52.3,55.3
27,Northbound,53,56.5,52.5,56,53,56,52.5,55.5,52.5,56,52.5,55.5,Southbound,52.4,56,53.4,56.4,52.4,56.4,53.9,56.4,50.9,55.4,53.4,55.9
28,Northbound,46.5,52,47,51.5,47.5,51.5,46.4,50.9,46.9,52,47.4,51,Southbound,48.1,51.1,48.5,52.1,49.1,52.6,48.1,51.6,49.5,53.6,49.1,52.1
29,Northbound,36.3,41.5,33.7,39.5,35.9,41.1,34.4,39.5,35.9,41.1,31.1,37.2,Southbound,35.1,41,31.6,39.6,37.6,41.7,35,39.3,36,40.7,34.3,38.2
30,Northbound,42.1,48.2,42.2,47.2,41.9,48.5,43.9,47.4,42.6,49.3,44.1,47.6,Southbound,44.5,49,41.7,45.8,44.6,48.8,43,47,44.6,48,43,47.8
31,Eastbound,70.6,74.6,70.6,75,72.2,74.6,72.2,75.2,70.6,75.6,70.1,75.2,Westbound,68,73.4,67.9,72.4,70.4,73.5,69.9,72.5,70.4,73.5,71.3,74.3
32,Northbound,38.4,43.9,35.3,40.7,38.5,43.3,35.9,40.2,37.5,42.1,34.8,39.1,Southbound,39.3,44,37.2,42.2,39,43,38.1,42.4,37.2,42.2,36.3,41.3
33,Northbound,47.3,54.7,40.6,51.9,47,56.2,45.2,53.2,47.1,56.2,46.2,53,Southbound,50.4,57,48.5,53.3,51.2,57.7,50.2,55.9,50.5,57.7,50.5,55.9
34,Northbound,27,30,24,27,26,30,24,27,26,30,24,27,NA,NA,NA,NA,NA,NA,NA,NA,NA,NA,NA,NA,NA
35,Eastbound,34.7,40.6,32.6,37.8,33,39.6,33.3,37.7,31.1,39.6,31.8,36.6,Westbound,36,41,26.5,34,36.2,40.2,27.1,35.1,36.9,40.9,26.3,33.9
36,Northbound,32.4,40.5,27.7,36.7,33,39.5,28.4,36.2,37.1,41.5,35,40.4,Southbound,36.5,41,31.7,38.3,35.5,39.1,29.4,36.8,35,39.8,31.3,37.4
37,Northbound,46.9,50,46.9,49.9,45.9,49.9,46.9,49.9,46.9,49.9,46.9,49.9,Southbound,47,49,46,49,46,49,46,49,46,50,46,49
38,Eastbound,31,39.8,31.1,37.1,32.2,39.2,29.8,36,30.6,38.9,31.1,37,Westbound,35.6,39.7,26.2,34.8,33.8,38.9,26.6,35.5,34.2,38.5,29.1,35.1
39,Northbound,32.2,40.2,26.9,36.5,32.4,40.2,28.9,36.4,31.9,39.7,26.1,36,Southbound,26,37.9,29.9,37.1,26.1,38.3,30.2,37.1,26.2,37.8,28.5,36
40,Eastbound,45.8,49.2,45,49.6,47,50.5,46.3,50.4,46.4,49.8,46.6,50.8,Westbound,47,50.7,47,50.7,47.6,51,47.3,51,46.5,50.2,46.6,50
41,Northbound,42.4,45.6,39.1,43.6,42.1,44.6,39.6,43.6,41.6,44.6,39,42.8,Southbound,40.2,44.3,41.1,43.8,40.9,44.3,41.2,43.6,39.7,44,40.9,43.3
42,Northbound,39.7,44.3,40.2,43.7,39.9,44.6,40.2,43.9,38.4,43.7,39.9,43.9,Southbound,31.8,43.9,36.8,44.6,26.2,43.3,36.2,44.4,35.6,45.6,38.3,45.6
43,Northbound,37.4,40.9,33.2,37.3,36.9,40.1,30.7,35.7,36.9,39.8,30.1,35.2,Southbound,35.8,39.7,34.2,38.2,35.6,39.7,34.4,37.7,35,39.4,32.8,36.5
44,Eastbound,34.2,39,30.1,34.7,32.3,37.8,29.9,33.7,28.4,37.2,29.7,33.3,Westbound,34,37.8,23.9,31.5,33.1,36.6,24,30.6,33.5,36.6,21.6,29.1
45,Northbound,23.6,29.7,59.6,68.2,62.6,69.4,59.7,68.4,67.1,69,59.3,66.7,Southbound,68.6,72.7,56.2,62.2,68.8,73.1,57.7,64.2,52.6,71,,
46,Northbound,69.1,74.2,71.9,75.3,70.1,74.5,73.4,76,69.8,74.5,73.7,76.1,Southbound,71.7,75.1,71.7,75.1,72,75.1,72.4,75.1,72.4,75.1,72.7,75.1
47,Northbound,68.3,72,66.6,71.3,68.7,72.3,67.8,71.7,67.9,70.9,67.6,71.3,Southbound,43.3,68.7,65.6,70.2,43.7,68.9,65.8,69.9,42.9,68.2,62.4,68.6
48,Northbound,46.4,49.7,43.4,48.4,46.6,48.7,43.4,48.6,46.6,48.7,43.3,47.6,Southbound,32.2,45.4,41.3,45.6,25.5,44.3,41,45.4,30.2,44.1,34.3,44.4
49,Northbound,26.7,31.7,21,26.5,26.9,31,21,26.3,26.6,30.6,19.9,25.6,Southbound,26,30.6,23.3,28.1,24,29.9,23,27.7,22,29.2,22.8,27.1
50,Eastbound,33,44,36,42,31,44,35,42,32,43,35,42,Westbound,39,43,34,39,40,43,32,38,40,43,30,37
51,Eastbound,30.4,36.9,24.4,30.9,29,35.9,25.5,31.2,27.9,34.1,25.9,30.8,Westbound,31.4,37,27.9,33.6,30.6,36.1,28.4,32.9,30.4,36.5,27.8,32.2
52,Eastbound,34.3,41.6,30.5,36.8,33.4,41.2,31.1,37.1,32.2,40.6,31.3,36.5,Westbound,34.1,40.8,27.6,35.1,32.9,39.6,28.6,35.9,32.2,39.1,28.6,35.7
53,Northbound,28.1,35.7,26.7,30.9,26.5,34.9,26.6,30.8,25.9,34.5,27,30.8,Southbound,28.2,37.1,24.6,29.7,27.8,36.1,24.3,29.7,27.3,35.2,24.1,28.8
54,Eastbound,27.7,33.7,26.1,31.9,28.6,34.3,26,32.2,29.3,34.4,25.8,31.5,Westbound,28.6,34.6,26.5,32.9,29.1,34.2,27.4,33.2,28.7,34.1,27.2,32.3
55,Northbound,27,34.9,23.8,30.4,24.3,33.9,24.2,30.6,24,33.8,24.7,30.4,Southbound,29,34.7,22,29.8,28.5,34.2,21.5,28.7,30.1,34.8,21.5,28.1
56,Northbound,31.7,36.7,29.4,34.2,30.2,36.2,29.2,34.2,33.7,38.2,30.4,36.5,Southbound,31.3,37.1,25.5,32.9,32.7,37,32.2,35.8,34.2,38.9,34.1,38.3
57,Northbound,32.5,39.9,27.6,32.9,30.7,37.6,27.8,32.1,28.6,36.1,27.1,31.2,Southbound,32,37.9,22.1,30.8,31.4,37.6,20.3,29.8,30.5,36.2,21.7,29.8
58,Clockwise,62.9,69.2,52.1,65.2,61.2,68.2,48.2,63,58.7,66.5,47.1,60.5,Counterclockwise,65.7,70.8,54.2,67.2,64.7,69.4,45,67,66.9,71,46.6,65.7
59,Northbound,63.9,70.1,65.7,70.1,63.9,70.1,66.1,70.7,59.6,70.1,67.1,71.4,Southbound,65.4,69.9,43.2,65.2,67,70.5,43.6,66.4,67.9,71,43.7,61.7
60,Northbound,50.6,68.2,57.5,70.3,56.2,71.7,68.4,72,53.7,71.2,69.2,72.7,Southbound,66.9,71.2,52.6,61.8,69.6,72.6,52.5,61.6,70.5,73.8,51.1,60
61,Northbound,66.3,71.6,60.9,70.5,66.3,70.7,62.5,70.1,63.7,70.1,62.1,69.2,Southbound,64.3,69.1,60.3,67.4,65.3,69.2,54.6,66.2,65.1,68.9,52.1,65.4
62,Northbound,30.1,33.7,24.1,30.5,26.5,32.9,23.9,29.3,28.3,33.5,21.2,27.4,Southbound,28.4,33.8,21,29.2,27.3,32.4,19.5,27.3,26.8,31.3,19.2,25.3
63,Eastbound,33.9,40.3,29.8,36.5,33,40.1,28.7,36.2,32.2,39.7,27.8,35.2,Westbound,27.7,38.7,29.3,36.7,27.4,38.8,25.4,35.9,26.7,37.3,26.7,35.7
64,Eastbound,26.5,32.8,25.4,30,25.5,32.8,25.7,29.8,24.2,31.3,24.3,28.7,Westbound,26,32.8,25.7,30.3,25.8,32.1,25.7,30.6,23.5,31,24.4,29.3
65,Northbound,23.4,31.3,20.8,28.8,25.4,33,23.8,30.3,26.9,32.9,24.9,30,Southbound,23.2,30.5,21.5,28.9,25.5,31.6,22,28.2,26,31.6,22.7,28
66,Northbound,34.4,40.5,32.3,36.7,33.3,38.6,31.7,36,32.3,38.6,31.7,35,Southbound,33,40.2,28.1,35.2,32.8,38.6,30.4,34.8,32.8,37.9,29.2,34.2
67,Northbound,27.8,34.3,25.9,31.7,26.6,32.7,25.1,30.8,26.3,32.3,23.3,29.9,Southbound,29.2,34.6,26.9,33.6,28.7,33.7,27.2,32.2,28.1,33.3,27,31.8
68,Northbound,28.6,37.5,28.8,33.7,25.4,35,29.4,33.8,24.7,34.6,29,33.4,Southbound,32,37.3,20.7,28.9,32.3,36.5,19.3,28.2,31.4,35.9,18.8,27.6
69,Northbound,32.3,38.8,28,36.2,32.7,38.3,27.8,35.4,32.8,38.1,25.5,34.6,Southbound,28.6,36.3,25.9,33.6,29.3,36.2,26.9,33.4,27.4,35.2,26,33.2
70,Northbound,23.8,31.3,20,27.9,25.6,32.7,21.3,30.5,29,33.6,24,30.8,Southbound,21.9,30.4,16.7,25.8,23.7,32.3,18.2,27.1,27.2,33.6,22.4,27.3
71,Northbound,37.7,46.5,38.6,44.1,35.6,47.1,40.2,44.8,34.2,43.7,39.1,43.1,Southbound,36.3,43.7,22.2,35.4,37.4,43.2,21,35.4,37.1,43.3,18.2,34.4
72,Northbound,36.8,43.8,39.3,45.2,38.2,45,40.7,45.8,35.4,44.1,39.8,45.2,Southbound,37,44.2,37,43.8,34.9,43,38.5,43.6,35.5,42.4,37.8,42.4
73,Eastbound,31.3,38,28.6,34.6,29.5,36.7,28.5,33.7,28.1,35.7,27,33.3,Westbound,32.9,39.6,27.3,33.9,32.4,38.4,26.5,33.1,32.3,37.6,26.7,33.5
74,Eastbound,16.2,28.2,19.9,27,15.2,26.6,18.5,27.4,14.5,25.9,19.1,26.9,Westbound,23.4,32.9,14.6,25.4,23.6,32.2,13.7,24.5,23.7,31.9,13.3,23.6
75,Eastbound,30.2,35.7,26.5,32.4,28.7,34.7,27.5,32.7,28.1,34.3,27.2,32.6,Westbound,28.3,35.1,25.2,32.4,27.5,34.2,25.4,31.7,28.7,34.3,24.2,30.1
76,Northbound,28.8,35.8,25.4,33.5,27.7,35.4,25.2,32.3,26.4,33.6,23.3,30.3,Southbound,29.2,35.6,25.5,32.3,28.4,34,26.1,31.5,28,33,25.1,30.3
77,Eastbound,31.4,40.4,34.7,41,29.8,38.6,34.8,40.2,28.3,37.4,34.2,39.1,Westbound,35.5,41.7,25.8,36.7,34.8,40.8,23.3,35.8,33.4,39,19.7,33.2
78,Northbound,29.3,38.1,28.8,35.9,25.6,35.4,29.5,34.9,25,34.7,29.1,34.3,Southbound,28.8,37.4,21.9,33.1,28.6,35.9,22.7,31,28,35.3,22,30.9
79,Eastbound,28,41.4,32.1,38.1,28.8,41.2,32.3,38.2,26.7,39.2,31.2,36.7,Westbound,30.7,42.2,28.1,36.7,32.9,42,29.1,36.2,32.7,41,27.3,33
80,Eastbound,30.5,51.4,29.7,51.5,24.9,42.4,35.2,56.4,23.2,38.4,36.9,59.2,Westbound,65.1,69.9,32.1,56.1,66.4,70.1,28.9,50.1,67.7,71.5,26.3,48.4
81,Clockwise,46.6,64.1,38.6,63,36.4,61.1,28.2,49.1,33.1,58.9,24.8,43.1,Counterclockwise,55,67.5,26,40.2,48.6,65.7,23.6,37.3,44.8,66.1,23.1,36.5
82,Northbound,65.9,70.1,31.6,48.6,65.9,69.8,31.6,47.7,66.3,69.8,28,45.3,Southbound,43.1,61.4,48.3,68.2,37.7,55.5,51.5,68.2,33.2,54.8,52.3,69.1
83,Northbound,66.8,70.4,35.6,58.1,67.1,70.1,37.8,57.6,66.8,69.8,34.9,53.5,Southbound,47.9,65.6,44.3,67.3,40.7,64.2,37.9,67,34.3,61.1,35.3,66.7
84,Northbound,57.3,57.3,57,68.7,55.1,59.6,55.9,68.2,,,52.4,65.1,Southbound,67.9,72.2,55.7,56.3,67,72.3,40.7,58.8,47.3,69.5,,
85,Northbound,54.7,55,62.3,70.3,54.6,55.1,56.3,69.2,,,45.1,68.1,Southbound,67.8,71.9,44.3,55,65.3,70.8,32.7,54.7,49.9,69.2,,
86,Northbound,67.2,71.1,34.1,52.7,68.9,72.2,32.5,51.9,67.9,71.2,30.7,44.8,Southbound,58.5,69.7,57.4,69.7,54.2,69.1,55.6,70.7,46,67.5,45.3,69.8
87,Northbound,26.5,35.9,27.6,31.9,26.2,35.2,26.6,31,27.3,35.1,25.4,30.2,Southbound,30.9,38.8,25.5,31.4,28.7,36.9,25.9,31.2,26,36.2,25.7,30.2
88,Eastbound,28.2,32.6,27.9,30.9,24.5,31.5,23.6,29.1,28.8,34.7,28.6,33.6,Westbound,28.3,32.6,18.5,27.3,29.6,33.4,19,25.7,34.2,37.8,30.1,34.8
89,Northbound,30.3,38.9,27.9,35.6,29.4,37.9,28.1,34.7,29,37.5,27.3,33.5,Southbound,28.9,38.6,24.1,35.4,28.6,37.9,26.2,35.3,28.3,37.4,22.4,34
90,Eastbound,26.1,33.1,29.7,34.6,25,33.2,29.6,34.5,24.4,32.7,28.5,33.7,Westbound,28.1,35.8,28.2,33.3,26.4,35.3,27.7,32.6,26.5,35,26.1,31.8
91,Northbound,22.5,32.6,18.7,25.3,24.6,33.3,20.2,26.4,24,33.5,18.8,25.3,Southbound,27.8,35.2,19.3,29.7,26.6,34,20.1,27.6,28.4,34.7,19.8,28.8
92,Northbound,28.3,33.8,26.4,31.9,27.8,33.9,24.5,31.1,27.8,33.6,21.8,30.3,Southbound,28.2,34.2,27.9,33.3,26.5,33.1,27.7,32.8,26.2,32.6,27.1,32.1
93,Northbound,23.8,32.7,30.2,36.3,20.1,28.3,28.4,35.3,19.7,28.9,30.3,35.5,Southbound,33.7,40.6,22.4,32.1,33,39.2,22.3,32.4,34.1,38.6,18.6,29.8
94,Eastbound,26.9,33.9,25.7,31.7,26.7,33,25.3,31,24.1,31.9,25.7,31.4,Westbound,27.8,34.3,25.7,31.6,27.2,33.6,25.7,30.1,26.9,33.9,25.1,29.4
95,Northbound,27.7,37.8,29.2,36.2,31.1,38.5,30,35.5,29.9,37.4,27.4,33.5,Southbound,31,39.5,28.1,37.5,31.9,36.9,28.2,33.4,31.5,35.6,27.2,33.7
96,Eastbound,29.4,36.7,25.9,35,28.9,36,24.7,34,30.2,35.3,23.9,34.1,Westbound,28.3,38.3,29.9,35.2,27.2,37.4,30.2,34.7,26.2,36.5,29.2,34.2
97,Eastbound,29,36.2,26.5,33.6,28.1,35.5,26.1,33.1,26.5,35,27.4,33.1,Westbound,31.2,36.5,28.6,33.9,30.7,36.5,28.4,33.4,30.3,36.5,27.2,32.4
98,Eastbound,21.6,37.3,30.2,36.3,21.5,36.3,31.2,35.1,21.2,35.8,30.5,35.1,Westbound,30.2,38.5,26.8,33.9,29.6,37.5,26.5,33.1,30,36.3,25.6,32.8
99,Northbound,29.7,37.9,30.1,37.7,28.6,35.9,29.8,36.7,27.2,34.1,27.5,34.7,Southbound,27.7,36.3,24.8,32.8,26.1,33.8,22.3,31,25.2,33.3,20.4,29.2
100,Northbound,34.6,45.6,24.1,37.8,37.1,45.1,25.4,36.7,40.1,45.5,27.7,36.2,Southbound,28.3,40.5,27.4,42.3,32.8,44.4,32.2,41.3,37.6,44.9,36.6,41.9
101,Northbound,32.2,36.9,17,25.9,32,37.1,18.5,27.2,32.5,37.4,18.3,26.1,Southbound,26.6,36.4,26.7,32.4,23.5,34.9,26.4,31.2,22.6,33.9,26.5,30.4
102,Eastbound,27.2,38.6,24,34.5,28.9,39,26.7,36.8,29,40.6,29.1,37.8,Westbound,32.1,41,25.1,34.7,34.3,40.7,26.6,34.6,35.5,41.7,26.3,34.1
103,Eastbound,22.8,31.2,25,31.4,20.1,29.5,25.6,30.4,19.5,28.9,25.6,30.2,Westbound,26.5,33.8,20.2,28,26.9,33.3,20.1,27.4,26,33.3,18.4,25.5
104,Eastbound,29.3,37.3,28.1,32.7,28.3,35.8,27.3,31.3,26.5,35.7,27.3,31.1,Westbound,30.9,35.5,26.1,31.5,30.4,35.4,25.2,31.1,30.3,35.1,25.8,30.6
105,Northbound,39.9,45.6,40.4,44.7,37.5,45.3,39.7,44.3,40.1,44.6,40.5,43.7,Southbound,41,45.1,40.9,44.5,40.7,44.8,40.7,44.2,40,43.8,39.7,43.2
106,Northbound,29.4,40.6,26,39.1,27.9,39.6,24.9,38.5,26.3,38.8,26.3,37.7,Southbound,31.3,40.9,28.8,38.6,32.4,40.2,28.5,36.5,33.1,39.5,29.4,36.1
107,Eastbound,44.3,50.1,44.9,49.5,44.5,49.2,44.5,48.6,43.6,49,44.3,48.2,Westbound,46.1,50.6,45.3,49.7,45.7,49.7,44.1,48.7,45.1,49.1,43.5,47.7
108,Eastbound,32.6,39.5,33.9,39,33.4,39.1,35.4,39.3,32.3,37,33.8,38.4,Westbound,38.2,43.3,33.7,39.4,38.4,43,34.6,39.5,36.4,41.3,32.9,37.9
109,Northbound,20,31,17,26,19,33,20,28,17,32,18,26,Southbound,30.7,34.8,17.6,23.1,30.7,33.8,15.3,19.4,30.6,33.7,12.9,17.3
110,Northbound,17,19,11,15,16,18,13,16,16,18,12,15,NA,NA,NA,NA,NA,NA,NA,NA,NA,NA,NA,NA,NA
111,Northbound,36.1,45.7,42.2,46.4,33.2,43.7,39.6,44.4,33.8,44.4,41.2,45.4,Southbound,38.3,44.7,29.2,42.9,39.4,43,26.2,41.5,38.6,44.4,28.7,38.3
112,Northbound,41.9,45.2,41.1,44.4,42.7,45.2,41.4,44.6,43.2,46.2,42.4,44.6,Southbound,41.6,44.4,41.6,44.6,42.6,44.8,42.6,44.8,42.4,44.6,42.6,44.8
113,Northbound,48,51.9,47.5,51.4,47.5,50.9,47.9,51.4,48,51.4,48.4,51.4,Southbound,47.4,51.9,46.6,50.6,46.6,52.4,45.5,50.1,45.8,51.8,46.6,50.6
114,Northbound,72.5,75.9,73.6,77,73.5,76,74.5,78,73.4,75.9,74.9,77.9,Southbound,71.1,75.6,73.6,76.6,72.6,75.6,74.6,77.1,74,76.6,74.1,76.6
115,Northbound,72.7,76.6,73.2,77,73.6,76,74.6,77,73.6,76,74.6,77,Southbound,71.5,75.3,71.8,75.8,72,76.3,74.3,77.3,72.5,75.7,74.3,76.5
116,Eastbound,52.3,54.7,51.4,54.3,52.7,54.7,51.9,54.3,52.2,54.7,51.7,54.3,Westbound,50.9,54.4,50.9,54.4,50.9,53.4,50.9,53.4,51.4,53.9,51.4,53.9
117,Northbound,35.4,40.4,28.8,35.4,35.9,40.3,31.1,35.4,35.2,39.7,31.6,35.8,Southbound,37.2,41.2,32.5,37.8,36.9,41.9,32,37.2,37.2,41.9,31.8,37.4
118,Eastbound,44.3,49.2,46.4,49.8,44.2,48.9,46.4,49.5,44.5,49.1,46.6,48.9,Westbound,46.5,50.8,42.9,48.4,46.5,49.6,42.1,47.5,46.6,49.3,43.1,47.5
119,Northbound,33.5,39.6,31.1,38,34,38.7,33.3,37.4,34.5,39,33.1,37.3,Southbound,34.9,41,30.7,38.5,35.1,39.2,33.8,37.5,35.4,39.3,30.9,38
120,Eastbound,37,45,37,44,37,43,37,42,35,43,36,41,Westbound,31,46,37,44,29,44,36,42,29,44,36,41
121,Eastbound,52.2,56.5,51.5,54.9,52.2,56.2,51.2,55.2,52.9,57.2,51.9,55.2,Westbound,50.5,54.5,49.6,53.8,51.1,54.8,49.4,54.4,51.8,55,49.9,54
122,Northbound,50.4,53.4,49.6,53.9,49.7,54,47.7,53.4,47.7,52.9,48.1,53.3,Southbound,50.5,55.5,50.7,54.1,50.9,56.4,51.4,55.4,51.1,55.3,50.4,54.3
123,Eastbound,39,43,33,42,37,44,33,42,36,44,35,42,Westbound,39.1,44.1,39.1,42.1,40.1,45,39,41,40.1,45,39,41
124,Eastbound,43.7,46.7,43.4,46.4,44.7,46.7,44.4,46.4,44.7,46.7,44.4,46.7,Westbound,44,47,43,45.7,44.2,47,43.1,46.4,45,47,44.4,46.7
125,Northbound,37.9,42.6,37.7,41.6,38.9,42.6,38,42,38.6,42.3,38,42,Southbound,37.6,43,38.6,41.6,38.3,42.7,38.6,42.3,37.3,42.7,38.6,42.3
126,Eastbound,46,50,44,48,47,50,43,48,48,51,46,50,Westbound,42,49,46,49,44,49,46,49,44,51,46,50
127,Northbound,46.9,52.5,36.6,45.2,48.1,52.6,40.1,47.2,48.1,52.6,31.2,43.3,Southbound,30,47.9,37.8,45.9,28,44.3,40.9,47,35.9,48.1,43.7,48.5
128,Northbound,19.8,24.1,19.6,23.7,17.8,23.1,18.8,23.4,17.3,22.1,18,22.6,Southbound,21.5,26.1,18.1,23.2,18.7,25.1,16.4,21.9,19.4,24.2,15.3,20.9
129,Northbound,17.9,28.6,18.7,23.9,16.3,28,19.5,24.3,16.1,26.6,17.3,22.4,Southbound,17.4,29,16.9,23.8,18.4,30,17.5,24.4,17.9,28.2,16.6,23.8
130,Northbound,20.5,29.1,16.6,24.8,19.6,28.1,16.5,24.6,18.8,27.6,14.5,23.8,Southbound,20.3,29,19.2,26.4,17.4,28,19.2,26.3,18.7,28.1,20,26.8
131,Northbound,15.9,27.5,18.8,27.5,15,25.8,17.9,25.6,16,25.8,16.9,24.7,Southbound,11.9,20.6,11.8,22.6,10.8,19.7,9.9,19.7,9.9,18.8,8.9,19.7
132,Northbound,21,27.3,16.9,23.5,19.9,25.5,17.6,22.6,15.3,23.1,17.3,22.2,Southbound,20,24.6,11.3,19.3,19.8,24.2,9.5,17.2,19.7,23.4,8.8,15.9
133,Northbound,35.1,41.6,31.2,38.2,34.4,41.3,31.6,37.6,33,39.4,30.7,36.7,Southbound,34.4,41.1,27.2,34.9,33.2,40.3,29,36,33.4,39.6,27,33.7
134,Northbound,29,34.9,28.1,33.8,28.9,35.6,28,33.2,30.4,36.3,26.8,32.4,Southbound,30.2,36,26.1,31.2,30.9,36,26.9,32.1,30.4,36.7,27,31.7
135,Northbound,38.4,43.9,35.3,41.3,38,43.1,34.9,39.9,37.7,42.7,34.9,39.3,Southbound,39.4,44,33,40.9,38.6,43.2,34.2,39.1,37.8,41.7,33.8,38.5
136,Northbound,27.9,33.3,22.9,28.8,27.6,32.6,21.8,28.2,26.6,31,19.1,26.3,Southbound,28,33.5,26.1,31.3,27.5,32.1,26.4,30.3,27.4,31.5,25.6,29.4
137,Northbound,26.3,32.9,21.6,28.1,25.4,32.2,21.3,28.3,25.8,31.3,20.6,27,Southbound,27.3,33,19,27.9,28.4,32.7,18.8,28.4,27.6,32.1,17.5,26.9
138,Northbound,38.1,46.3,32.7,42.2,36.3,44.5,31.3,41.2,37.1,44,29.2,40.3,Southbound,29.8,40.3,27.9,36.9,23.5,37.8,26.5,34.7,22.3,37.8,27.5,35.3
139,Eastbound,22.9,30,19.5,26.1,21.3,28.9,18.4,24.6,21.2,28.3,16.8,23.4,Westbound,22.8,29.4,19.6,25.9,21.3,29,20,25.8,20.4,27.4,19,25
140,Northbound,21.8,30.2,20,25.9,20.1,29.4,21.2,26.1,19.8,28.1,20.5,25.7,Southbound,25,31.3,18.1,25.5,24.6,30.4,20.1,26.6,24.3,30.2,18.7,25.4
141,Eastbound,24,29.2,21.5,26.8,22.4,28.6,22.2,27.7,22.8,28.1,21.6,26.6,Westbound,23.6,28.8,21.8,27.2,22.1,28.6,21.6,27.2,20.5,27.8,20.7,26.2
142,Northbound,21,27.7,19.1,26,19.8,26.7,19.9,24.5,20.3,26.8,17.9,24,Southbound,19.6,27.4,12.6,21.1,19.3,25.3,11.2,18.6,16.9,25.2,10.3,17.2
143,Northbound,23,33.5,17.3,28.2,25,33.1,19.6,28.4,27.6,34,22.5,28.1,Southbound,20.4,32.1,16.4,27.8,22.2,32.1,18.5,27.6,26.7,33.6,20.3,28.7
144,Eastbound,67,71.4,59.3,68.3,67.8,71.3,58.1,68.1,67.8,71.1,56,66.8,Westbound,50.6,65.8,58.4,68.8,41.5,65,56.4,67.9,39.1,64,58,67.7
145,Clockwise,57.6,65.5,22.1,38.1,49.6,64.3,19.9,33.7,43.8,63.3,19.6,33.7,Counterclockwise,38.7,60.8,46.6,63.7,32.6,57.7,46.7,59.6,29.9,60.9,45.4,62.3
146,Clockwise,61.4,66.4,26,51.1,62.5,66.7,23.5,50.9,61.6,66.3,18.7,45.6,Counterclockwise,29.3,47.9,24,42.1,21.6,42.1,18.9,36.6,19.8,43.3,14.9,35.4
147,Clockwise,64.9,70.2,58.2,68.6,63.8,69.2,55.5,67.9,52.7,68,49.3,66.7,Counterclockwise,62.8,70.6,36.8,60.5,60.1,69.5,25.8,51.8,55,68.9,26.4,49.1
148,Northbound,66.4,70.6,66.8,70.8,67.4,70.8,68.3,71.6,67.6,71.6,68.2,72.2,Southbound,69,72.7,60,70.7,69.3,72.7,59.9,71.3,70.3,73.3,56.3,71
149,Northbound,59.3,69.9,43.2,60,50.1,69.3,38.4,54.2,50.5,68.9,31.4,51.4,Southbound,42.4,60.9,27,42.8,34.4,56.3,23.9,36.7,30.5,52.2,22.6,35.6
150,Northbound,55,64,47,57,60,65,61,64,63,69,60,67,NA,NA,NA,NA,NA,NA,NA,NA,NA,NA,NA,NA,NA
151,Northbound,28.2,35,24.3,30.2,28.3,34.6,22.5,30.1,27,33.9,21.8,29.1,Southbound,27.4,34.6,24.7,30.8,27.3,33.7,24.9,29.6,27.5,33.8,24.2,29.7
152,Northbound,26.6,31.4,25.4,30.2,25.5,30.3,25.7,30.1,24.8,29.6,25.4,28.7,Southbound,26.8,31.8,23.9,29.9,26.3,30.8,25.5,29.4,25.8,30.8,24.3,28.5
153,Northbound,32.8,42.2,34.7,41.5,32.6,40.6,34.7,40.6,31.9,40.3,34.7,40.1,Southbound,38.8,45.8,36.3,42.4,36.1,44.3,35.6,41.1,36.3,43.4,34.9,40
154,Northbound,23.8,28.8,19.9,24.8,22.7,27.8,20,24.4,22,27.6,18.5,23.5,Southbound,21.8,27.3,16.8,23.5,20.8,25.9,16.3,23,21,25.7,14.9,22
155,Northbound,30.1,39.1,25.7,34.1,27.7,38.4,26.3,34.4,25.2,36.3,28.7,33.8,Southbound,33.6,39.1,26.6,34,34,39.4,28.9,34.4,33.9,38.4,23.8,32.8
156,Northbound,23.6,31.4,23.5,29.5,21.1,30.2,23.5,28.5,20.6,28.9,23.6,28.2,Southbound,27,32.7,23.9,31.3,26.8,32.2,24,29.3,26.5,31.6,22.9,28.8
157,Northbound,20.5,26.8,15.7,23.4,21,26.6,13.7,22,20.4,25.7,13.2,21.3,Southbound,19.6,28.1,16.9,23.3,18.1,25.6,16.7,22.7,16,24.7,16.4,21.9
158,Eastbound,64.8,69.1,58.8,66.5,65.2,69.6,57.5,66,66,69.6,54,66,Westbound,44.8,64,65.9,70.9,41.8,63.2,65.7,70.1,41.2,63.8,66.2,70.8
159,Eastbound,20.3,26.4,16.2,23.7,19.9,26.2,17.9,23.6,20.3,26.7,16.9,23.3,Westbound,21.7,28.2,18.4,25.1,21.1,27.7,16.9,25,21.1,27.4,16.4,24.5
160,Northbound,29.7,35.9,25.6,31.6,27.6,34.1,24.7,30.9,24.9,33,24.3,29.5,Southbound,29.3,35.1,25.5,31.2,29.1,34.5,24.8,30.5,28.1,33.4,24.5,29.7
161,Northbound,21,29,19,25,19,25,19,24,19,26,19,25,NA,NA,NA,NA,NA,NA,NA,NA,NA,NA,NA,NA,NA
162,Eastbound,50.5,54.1,48.7,52.8,51.9,54.5,50,53.5,51.1,54.9,50.3,53.9,Westbound,48.4,52.7,48.9,52.6,49.6,53.2,49.9,52.6,49,53.3,49.9,52.6
163,Northbound,38.8,43.3,32.8,39,38.8,43.3,35.1,39.5,38.9,42.8,34.5,38.6,Southbound,38.3,42.7,33.6,38.8,37.6,42.4,35.1,39,38.1,42.8,34.8,38.4
164,Northbound,35.3,42.6,21.4,33.8,34.4,41.5,21.1,32,32.7,40.8,19,29.7,Southbound,29.7,39.5,26.9,37.2,26.9,38.3,30,37.5,26,37.7,25.4,34.8
165,Eastbound,27.6,37.9,29.5,35,26.1,36.5,30.2,35.1,26.1,36.1,28.8,33.9,Westbound,33.4,39.3,31,36.2,33.1,38.2,30.7,35.2,32.1,38.6,29.1,35
166,Eastbound,61.1,72.1,70.4,75,54.4,72.1,72.3,75.6,50.6,71.8,72.3,74.7,Westbound,68.4,72.4,43.2,56.7,69.4,72.8,43.5,56.2,70.4,73.4,43.5,56.2
167,Eastbound,72.3,75.5,72.4,75.9,72.9,76,73.4,76.8,73.5,75.9,73.2,75.9,Westbound,68.9,72.8,68.9,72.9,69.9,73.6,68.9,72.7,70.6,73.7,69,72.8
168,Eastbound,30.3,36.3,28.2,33.7,28.5,35.3,29.4,34.1,27.2,35,29,33.7,Westbound,32.5,37.7,23.8,31,33.4,38,24.7,31.8,33.1,38,24.6,31.3
169,Northbound,43.3,48.7,37.5,44.3,43.5,48.8,38.3,44.1,42.9,48.3,37.6,43.1,Southbound,40.7,47.8,37.1,43.2,40,47.8,37.8,43.4,39.2,46.7,37.4,42.6
170,Northbound,40.2,45.1,36.1,41.1,39.4,45,35.9,39.8,39.7,44.1,35.4,39.2,Southbound,38.9,42.7,20.1,33.4,36.8,43.5,16,32,37.2,40.9,16,26.9
171,Northbound,43.6,47.9,39.6,44,42.9,48.2,40.2,44.3,46.1,48.7,40.9,44.5,Southbound,43.6,47.3,33.9,41.1,42.9,46.9,31.6,39.6,42.3,46.5,30.4,39.3
172,Northbound,36.3,39.7,30.4,35,35.8,39.2,30.7,34.1,34.8,38.3,29.9,33.3,Southbound,36,40.1,28.6,33.7,36.5,39.7,28.7,34.2,35.6,39.3,28.1,33.8
173,Northbound,35.8,49.3,43.5,49.4,35.6,48.9,43.2,49,35,48.9,43.2,49,Southbound,39.7,48.9,41.8,48.7,40,48.6,42.4,48.4,39.6,48.1,35.7,47.2
174,Eastbound,42.1,47.7,39.9,44.3,42.4,47.5,39.9,44.5,41.9,47.5,39.3,43.7,Westbound,42.1,48.2,41.7,45.7,42.7,47.7,40.8,45.3,42.1,47.3,41.6,45.3
175,Eastbound,43.5,48.7,43.9,48,43,48.5,44.1,47.5,42.6,48,43.6,47.1,Westbound,45.1,50.2,43.3,47.5,44.8,49.1,42.8,47.7,45.3,49.1,37.7,46.8
176,Northbound,40.5,44.7,35.9,40.7,39.7,44,33.9,39.2,40.7,44.8,32.6,38.2,Southbound,41.6,46.6,36.9,41.6,41.5,45.9,37,41.6,42.1,47,37.4,42.7
177,Eastbound,33.7,39.5,32,39.1,32.3,39.6,32.6,38.6,31.4,38.6,30.4,38.1,Westbound,35.3,40,29.3,37.2,35,39.6,28.4,37.2,35.6,38.8,25,35.7
178,Northbound,27.5,34.5,22.7,29,28.6,33.8,21.9,28.3,27,33.3,20.7,27.8,Southbound,28.4,34.7,28.7,34.4,28.6,34.5,30,33.2,26.9,33.8,28.3,32.1
179,Northbound,29,40.2,24.5,32.8,27.4,38.4,21.5,31.1,26.6,38,18.9,27.7,Southbound,31,40.6,27.9,34.8,28.2,38,26,33.1,26.9,37.8,25,32.3
180,Northbound,28.2,36.8,25.6,32.6,26.3,35.5,24.8,31.5,24.5,33.5,24.3,30.5,Southbound,32.5,37.8,20.4,27.3,31.7,37.6,21.5,29,30.6,36.7,20.5,27.6
181,Northbound,30.5,43.5,28.5,33.9,36.4,42.8,25.4,31,34.8,41.9,29.5,37.5,Southbound,27.4,39.4,35.8,41.6,25.3,35.8,38.1,42,25.6,35.3,36.1,41.3
182,Eastbound,27.9,37.1,31,37.3,30.3,37.9,31.9,37.6,33.9,39.8,29.3,37.2,Westbound,29.8,36.8,28.3,35.8,28.2,35.3,28.8,35.9,27,36.6,24,33.4
183,Eastbound,35.4,45.6,33.5,44.1,33.8,45.6,36.1,44.4,32.1,44.4,36.1,44.1,Westbound,42.6,47.8,40.7,47.2,42.7,47.8,41,47.2,42.7,47.2,40.7,47.2
184,Eastbound,44.9,48.5,40,45,43.9,48.3,40.7,44.8,43.9,47.3,39,44,Westbound,43.8,46.9,40.3,45.2,44,47,41.3,44.4,43.2,46.2,40.3,44.3
185,Northbound,33.9,40.6,27,35.2,34.8,40.7,27.2,35.3,36,40.1,30,37.4,Southbound,30.4,40.6,34,38.9,29.4,38.5,33.7,39.7,33.6,39.1,34.2,39.3
186,Northbound,61.5,67.5,24.8,38.6,62.9,67.2,25,37.4,67.1,71.6,57.5,70.8,Southbound,68.2,71.7,67.6,71.4,70.7,73.9,68.2,71.9,69.8,72.6,69,72.6
187,Northbound,68,72,54.6,70.6,68.6,72,44.7,66.9,68.3,70.8,44.1,64.7,Southbound,70.1,73.5,70,73.5,70.6,73.6,71,74.1,66.5,71.6,71.1,73.1
188,Northbound,29,37,28,32,30,36,29,33,28,36,28,32,Southbound,29,34,30,35,20,33,31,35,18,33,32,35
189,Eastbound,26.8,30.5,23.8,28.6,25.8,30.8,23.5,28.7,25.3,31.2,23.3,28.5,Westbound,26.5,30.9,23.5,28.3,26.9,32.2,23.9,28.7,27,31.9,24.1,28.9
190,Eastbound,30.2,36,24.6,32,30.9,36,27.3,32.9,30,34,26.8,31.9,Westbound,24.4,35.8,24.6,33,31.2,36.4,26,32.8,30,35.1,25,32.3
191,Northbound,38.6,40.1,37.8,40.1,37.9,40,37.8,40.9,39.7,41.8,39.1,42,Southbound,38.6,39.4,38.3,40.2,37,39.6,37,40.4,37.4,40.5,38.6,41.9
192,Northbound,15.3,19.6,14.7,21.3,15.3,19.6,12.4,17.2,14.4,18.7,10.3,16,Southbound,15.1,20,14.4,21.1,16.4,21.1,13.8,19.1,15.4,19.9,11.3,18
193,Eastbound,49,54.8,48.6,54.1,48.7,53.7,50,55.1,41.3,52.7,48.4,54.5,Westbound,50,55.3,45.6,55.3,51.5,56.8,44.5,56.6,52.3,56.1,39.3,55.5
194,Northbound,28.8,34.9,26.1,32.2,30.1,34.3,28.2,33.1,28.8,34.8,28.6,33.4,Southbound,28.4,35.1,21.5,30.1,30.9,35.5,24.5,31.4,31,36.1,24,30.6
195,Northbound,41,47.3,39.1,45.7,41,46.9,39.6,45.8,39.6,45.9,40.9,46.7,Southbound,41,47.4,36.4,44.3,43,47.9,37.4,44.3,42.8,48.3,35.1,44.3
196,Eastbound,26.2,33.2,22.5,29.3,25.4,31.6,23.5,27.4,25.8,31.4,22.7,27.7,Westbound,24.3,31.6,19.1,27.5,24.1,30.7,16.2,26.2,18.2,28.1,13.8,24.7
197,Eastbound,27.3,34.4,20.5,27.8,26.3,33.4,19.4,26.4,26.6,33.3,17.4,24.6,Westbound,21.9,31.6,22.2,29.9,20.7,30.3,21.2,29.3,19.5,29.7,20.1,27.6
198,Northbound,39.4,47.6,30,42.2,35.7,44.9,19,37.9,37.2,44.9,19.5,38.7,Southbound,26.9,43,13.9,31.8,20.3,40.1,12.3,26.4,16.8,38,12.3,25.8
199,Eastbound,37.4,43.3,28.4,36.3,38.4,43.3,28.8,37.5,37.1,42.4,26.3,34.6,Westbound,39.6,45.3,35,41.3,41.3,45.7,37,42.2,40.5,44.6,36,40.8
200,Northbound,29,34.9,26.2,33,30.2,35.8,26.8,33.5,29.5,35.4,26.7,33.4,Southbound,26.8,32.9,25,31.4,28.2,34.5,26.2,32.2,29,35.1,26.2,32.1
201,Northbound,40.1,44,37.2,43,40.7,44.2,38.5,42.8,40,43.5,37,41.7,Southbound,40.3,44.6,40,44.2,41.2,44.9,40.5,44.2,40.2,44.3,40,43.8
202,Northbound,26.4,30.9,22.6,27.9,25.8,30.2,20.4,26.3,24.4,29.9,19.6,26,Southbound,24.8,30.8,20.4,26.6,23.4,31.4,21,26.1,22.8,30.1,18.7,25.1
203,Northbound,22.9,27.7,18.1,23.9,21.4,25.9,17.2,22.7,20.5,24.8,14.7,21.3,Southbound,24.5,29.6,18.5,24,21.6,26.8,16.7,22.9,19.9,25.6,15.5,22
204,Northbound,45.4,50.9,42.2,49.2,44.3,48.4,40.5,46.4,44.6,48.2,39.3,45.8,Southbound,44.5,49.3,42.6,48.5,44.6,48.5,42.7,46.9,44.5,48.1,43.2,47.4
205,Eastbound,58.4,64.1,58.3,64,58.6,63.6,58.6,63.3,58.2,63.4,58.5,63.4,Westbound,56.1,63.1,56.2,62.6,58,63.3,55.3,61.2,58.1,62.9,55,61.2
206,Northbound,17.8,23.9,14.9,20.4,16.4,22.2,14.5,20.1,16.3,21.9,14,20,Southbound,19.1,24.6,12.9,19.8,18.2,23.2,12.8,18.9,18.3,23.2,11.2,17.7
207,Northbound,34.1,41.5,28.8,34.4,30.4,39.9,28.9,34.3,29.7,39.9,29,34.5,Southbound,35.6,40.5,29.2,35.1,35.1,40,28.3,34.5,36,40.6,28,33.8
208,Northbound,25.1,31,19.8,27.4,24.5,30.8,19.6,26.8,23.2,29.8,19.1,26,Southbound,24.8,30.5,18.7,26.1,25.6,31.1,17.5,25.9,24.9,30.7,16.6,25.1
209,Northbound,31.8,38.7,30.2,37.5,29.2,39,30.6,37.2,30.4,38.4,31,37.5,Southbound,31.6,38.4,31,37,29.4,38.5,31.2,37.3,28.9,37.9,30.6,37.1
210,Northbound,56.6,67.4,51.6,61.9,64.8,69.9,47,67.1,66.1,69.8,41.1,58.2,Southbound,31.6,51.4,35.8,55.6,22.4,46.9,32.3,50.9,27.8,50.9,47.3,65.1
211,Northbound,67.5,71.1,66.9,71.4,67.5,70.9,52.4,70.6,65.7,69.2,32,46.5,Southbound,68.3,71.7,63.2,71.2,48.7,70.7,60.7,71.2,23.2,68.5,48.3,69.5
212,Northbound,49.2,64.6,38.1,62.5,44.9,59.7,31.8,57.7,39.9,56.5,23.6,46.6,Southbound,52.5,67.1,36,62.4,40.6,60,31.1,58.1,30.7,53,27.2,53.6
213,Northbound,16,21,14,18,17,22,16,20,16,19,15,18,Southbound,18.4,24.7,17.7,23.2,20,23.7,18.7,23.2,18.2,22.7,17.7,22
214,Northbound,28.7,33.2,25.3,30.1,28.8,34.1,25.7,30.7,28.6,34,25.2,29.8,Southbound,28.6,32.9,25.1,30,28.3,33.4,24.8,30.1,28.3,32.9,24.7,29.6
215,Northbound,36.5,44.2,29.7,38.3,34.6,42.5,28.7,36.4,35.2,41.6,28.8,37.3,Southbound,37.2,44.5,30.1,38.9,35.8,44.2,32.5,38.6,34.8,43.4,31.9,38
216,Northbound,45.6,47.6,45.6,47.1,46.1,48.1,45.6,47.6,47.6,50.6,46.1,48.6,Southbound,45.1,47.1,45.1,48.6,45.1,46.6,45.6,49.6,45.6,47.1,46.6,49.6
217,Northbound,50,52,48,51,50,53,49,53,49,53,47,52,Southbound,51,54,52,55,50,54,52,55,49,54,51,55
218,Northbound,29.4,37.1,29.5,35.5,27.6,36.1,30.5,36.5,29.5,37.1,28.7,34.6,Southbound,35.4,41.2,29,36.5,34.9,40.5,28.6,35.9,32.3,40.3,28.1,36
219,Northbound,27.4,33.6,23.4,30,27.6,32.8,23.5,29,26.1,32.6,21.2,27.7,Southbound,27.2,32.5,24.3,29.5,27.2,31.5,24.3,28.4,26.6,31,24,28.7
220,Eastbound,33.9,39.8,29.8,36.7,34.3,40.8,29.8,35.8,35,39.8,30.9,36.5,Westbound,35.4,40.7,30.7,37.5,35.4,40.2,31.5,37.1,34.8,39.2,30.8,36.5
221,Eastbound,19.6,24.9,16.7,21.6,18.7,23.2,17,21.3,18.9,22.9,17,21.1,Westbound,19.3,24.2,14.3,20.2,19.5,23.3,13.3,19.2,19.1,22.6,12.4,18.6
222,Eastbound,21.7,31.4,28.8,33.5,19.6,31.3,28.6,33.6,19.4,30.4,26.9,32.4,Westbound,31.7,34.8,21.6,28.4,31.7,34.8,19.6,27.4,30.8,34.7,17.5,27
223,Eastbound,41,44.1,40.1,42.4,40.6,44,38.7,42.6,40.8,43.8,37.6,42.6,Westbound,39.8,41.9,39.8,42.6,39.8,42.8,39.9,44.1,40.1,42.8,41,44.6
224,Eastbound,38.4,45.8,31.5,42.2,37.5,44.9,31.1,41.5,37.2,45,30.5,40.6,Westbound,35.1,43.7,38.1,42.9,32.8,43.1,38.1,42.8,31.6,42,37.8,41.9
225,Eastbound,60.6,66.5,61,66.6,49.6,65.6,47.9,66.2,45.7,64.7,34.9,64.5,Westbound,62.4,68.6,47.7,64.3,62,67.6,42.9,63.1,62.4,68.3,36.2,59.8
226,Clockwise,28.3,53.7,41.3,64.4,22.8,47.7,42.6,65.3,21.7,42.3,51.4,64.8,Counterclockwise,60.9,66.2,25.4,45.7,59.3,64.6,23.7,45.4,49,64.8,21.8,47.8
227,Clockwise,66.4,70.9,39.8,62.6,64.6,69.9,37.2,58.8,61.4,69.4,38,58.9,Counterclockwise,64.2,68.7,61.9,67.8,64.3,68.6,53.8,66.4,64.4,68.7,57.7,66.6
228,Northbound,65,65,65,65,63.9,64.8,43.7,64.8,55.4,64,26.2,36.3,Southbound,45.8,63,39.1,61,45.2,61,41,59.8,45,56.9,42.3,58.8
229,Northbound,65,68.8,63.8,69.7,63.9,69.1,63.3,69.1,66,70.1,64.2,68.2,Southbound,65,71.9,31.4,64.1,63,67,31.4,51.3,66.9,72,42.3,58.2
230,Northbound,66.4,70,59,67.8,67.4,70.7,35.1,52.9,66.4,69.9,29,48.8,Southbound,48.1,67,33.6,54.3,39.3,64.4,28.6,49.3,36.9,64,27.5,49.3
231,Northbound,64.6,69.8,64.9,70.6,66.9,71.1,68.3,71.7,65.2,70.5,68.8,72.8,Southbound,69,73.5,32,55.2,70.1,73.4,26,44.9,70.1,73.4,24.9,41.6
232,Northbound,30.2,45.3,18.5,34.6,23.3,41.7,16.7,26.6,21.6,40.5,17.2,26.9,Southbound,50.2,63,27.6,36.4,49.9,59.8,25.6,34.8,50.9,60.7,24.2,33.6
233,Northbound,55.1,59.9,38.7,54.1,50.2,55.5,25.3,37.5,42.9,55.6,20.6,37.1,Southbound,52,54.7,45.3,51.5,45.9,53.1,35.5,44.7,49.9,56.6,31.7,40.6
234,Northbound,71.5,74.9,70.6,75.2,72.9,75.6,71.6,75.8,71.2,75.4,71.6,75.6,Southbound,70.4,74.4,62.8,73.4,72.2,75.5,60.5,73.4,72,74.7,60.4,72.5
235,Northbound,22.4,33,21.4,30.8,29.5,34.7,25,32.7,29.4,34.9,22.7,31.4,Southbound,27,34.6,26,32.7,29.1,36,26.1,32.2,28.3,35.6,24.1,31.4
236,Northbound,14,23,16.5,24,11.1,22.5,15.7,23.7,12.2,20.8,14.5,22.9,Southbound,16,24.9,12.1,21,14.6,24.6,10.9,20.6,15.8,23.3,11.7,20.2
237,Eastbound,27.6,33,19.7,25.8,26.5,31.6,18.1,24.5,24.2,31.1,15.3,22.4,Westbound,25.9,32.5,25,31,24.2,31.7,22.9,29.4,24,31.2,21.1,28.1
238,Eastbound,28.6,36.6,28.4,34,28.2,35.5,26.9,33.1,27.8,34.8,24.7,32,Westbound,27.4,35.3,27.8,33.9,26,35.8,28.1,33.4,23.3,34.4,27.4,32.6
239,Northbound,22.8,28.1,21.2,27,22.4,27.4,21.2,26.1,22.2,27,19.7,25.4,Southbound,22.6,28.7,21.8,27.6,21.4,27.7,21.2,27.3,21.8,27.3,20.4,26.6
240,Northbound,11.8,15.5,11.5,15.1,12,15.8,10.6,15.4,11,15.2,10.2,14.8,Southbound,11,15.1,10.1,14.8,11.3,15.4,8.8,14.2,11.3,15,8.9,14.5
241,Northbound,25,31.6,24.2,28,23.2,30.8,24,27.9,20.8,29.3,22.8,27.3,Southbound,27.9,34.3,17.6,23.5,26.2,31.7,17.2,23,25.1,29.8,16.7,22.1
242,Northbound,22.8,27.6,19.6,24.7,23.4,28.3,21.2,25.7,22.8,28.3,20.7,25.3,Southbound,23,28.3,22.5,27.9,25.1,29.5,23.9,29.1,24.3,28.8,23.3,28.4
243,Northbound,36.1,41.5,30,37.7,34.1,41.2,28.5,37.5,33.8,39.9,29.5,36.4,Southbound,35.1,40.7,31.7,37.8,35.8,41.1,31.7,37.6,35.3,40.3,30.7,36.9
244,Northbound,27.2,33.3,24,29.8,27.8,32.9,23.7,29.7,27.5,32.8,20.7,28,Southbound,26.4,32.7,18.2,26.8,25.6,31.2,18.7,26.6,25.1,30.6,18.7,26
245,Northbound,44.2,49.2,41.2,46.2,45.2,49.2,40.2,45.2,44.2,49.2,37.2,42.2,Southbound,49.8,53.8,46.8,52.8,49.8,52.8,50.7,53.8,50.7,52.8,48.7,53.8
246,Northbound,28,35.7,25.2,32.1,32.4,36.5,28,33.8,32.3,37.5,31.5,34.6,Southbound,28.2,34.2,23.1,27.2,26.3,31.3,22.2,26.2,25.2,28.3,22.2,24.3
247,Northbound,32.8,38.8,29.9,36.9,32.3,38.6,30.6,36.9,32.8,38.4,30.7,37,Southbound,31.1,38.2,27.9,35.5,30,37.9,28.4,36.2,29.9,38.6,28.8,35.6
248,Northbound,11.7,17,10.8,16.6,10.5,17.3,10.1,16,10.1,17.2,9.8,14.6,Southbound,11.8,16.9,9.4,15.3,14.4,20.9,10.5,17.8,14.4,21.9,11,17.8
249,Northbound,24.6,29.2,17.8,24.6,24.3,28.9,17.3,25,24.3,28,15.6,23,Southbound,24.8,29.9,22.1,27,25,29.2,21.3,26.2,23.8,28.1,21.1,25.9
250,Eastbound,23.1,30.7,18.6,25.8,22.5,32.1,20.9,28.2,23.2,31.1,21.1,27,Westbound,19.6,29.7,17.6,27,23.6,32.1,18.9,27.6,26.7,32.3,18.4,27.4
251,NA,NA,NA,NA,NA,NA,NA,NA,NA,NA,NA,NA,NA,NA,NA,NA,NA,NA,NA,NA,NA,NA,NA,NA,NA,NA
252,Northbound,20.5,30.5,21.7,29.3,21.9,29.3,20.7,28.2,22.4,28.7,18.5,27.2,Southbound,22.2,32.3,20.7,29.5,22.9,31.4,22.2,29.1,23.3,31,22.3,28.4
253,Northbound,30.1,38.3,26.7,33,32.9,39.2,24.7,32.6,32.3,38.8,22.2,31.6,Southbound,26.3,39.1,30.2,36.9,27.1,39.6,30.4,34.5,23.4,38.4,29.6,34.1
254,Northbound,31.4,36.8,23.3,32.2,32.3,37.1,23.8,32,31.3,35.9,20.6,29.7,Southbound,30.5,36.7,29.2,34.9,24.9,35.2,30.1,34.7,23.7,33.7,29.2,33.5
255,Eastbound,28.6,37.3,18.4,28.3,31.1,40.2,18.8,31.7,36,40.1,23.6,31.7,Westbound,24.2,36.9,25.2,34.6,26.8,38.7,27.9,36.3,29.2,38.8,30.6,35.2
256,Eastbound,30,34.2,20.6,27.4,29.2,32.9,19.7,26.5,28.6,32,18,24.7,Westbound,28.6,33.1,25.2,29.5,29,32.4,25.8,29.6,28.8,32.4,25.5,29.1
257,Eastbound,28.9,33,24,29.6,28.6,32.1,22,28.6,26.5,31.5,21.3,26.8,Westbound,27,33.1,26.6,31.2,24.2,31.3,26.7,30.1,23.7,31.2,24.7,29.6
258,Northbound,30.8,35.3,24.2,29,29.4,34.7,22.4,28.4,28.2,34,20.8,26.3,Southbound,29.5,35,19.6,26.1,28.4,33.7,18,24.2,27.3,32.7,16.3,22.2
259,Northbound,21.5,31,22.7,29.3,23.6,30.5,22.4,28.5,22.2,28.4,20.4,28.1,Southbound,25,31.8,18.3,25,25.2,30.6,17.1,23.8,25,30.6,16.9,23.1
260,Northbound,31.6,38.3,24.4,32.2,29.6,36.5,20.6,30.5,29.3,36.5,18.4,29.1,Southbound,31.3,40.4,27.1,35.2,25.1,38.9,26.1,34.1,24.7,37.8,24.8,33
261,Northbound,31,36,20.8,28.9,31.6,36,22.5,29.6,31.4,35.5,20.5,28.5,Southbound,30.9,37.2,23,29.3,30.7,36.3,20.6,28.3,27.3,34.9,20.5,28.1
262,Northbound,28.7,34.9,25.9,30.6,25.9,34,26.1,30.4,25.7,33.2,24.8,28.8,Southbound,27.6,34.3,18.9,26,27.7,33.2,18.6,25.4,26.9,32.7,17.5,24.4
263,Eastbound,51,55.7,24.1,37.1,51.5,56.5,21.1,36.2,49.9,55.6,21,32.4,Westbound,32.7,47,44,54.1,30.9,45.9,44.5,53.6,29.1,45.4,42.8,51.5
264,Northbound,30.1,35,21.3,27.6,28.1,33.2,19.9,26.7,27.3,32.6,18.2,25.8,Southbound,29.8,34.9,17.2,25,29.3,33.6,17.2,23.4,27.4,32.7,18.2,23.9
265,Eastbound,28.2,34.3,23.4,29.8,28.2,32.9,23.5,30.3,27.6,32.6,21.8,29.1,Westbound,26.3,33,27.2,32.3,23.9,32.2,28.2,31.9,21.8,30.2,27.4,30.6
266,Northbound,28.2,34.5,18.9,28.3,28.5,34.5,19.8,26.6,28,34.5,19.6,26.2,Southbound,26.3,34.4,25.5,33.6,26.1,33.7,26,32.8,26.7,33.5,25.6,31.4
267,Eastbound,69.4,72.8,35.2,48.3,69.1,72.8,32.5,44.9,68.3,72.2,30.6,44.6,Westbound,30.5,53,29.1,56.3,26.7,48.8,34.2,59.9,24.5,42.1,35,60.5
268,Northbound,65.4,69.5,32.5,46.7,65.2,69.4,29.5,41.1,65.8,69.6,28,39.7,Southbound,31.4,50.4,54.3,67.8,24.4,43,57.3,68.4,21.5,39.1,56.9,68.9
269,Northbound,72,77.1,65.9,71,71,76,65.9,71,72,76,65.9,70,Southbound,46,66,66,70,31,50,60,63,22,41,57,61
270,Northbound,68,71.4,37.6,51.3,68.6,72.1,37.3,48,68.4,71.9,30.5,44,Southbound,38.8,61.7,56.7,70.8,29.7,54.6,58,71.4,24.6,49.1,58.2,71.4
271,Northbound,72,77,66,71,71,76,66,71,72,76,66,70,Southbound,43,66.5,66.3,70.6,27.6,51.1,60.8,63.9,19.2,42.2,57.8,62
272,Northbound,68,71.8,66.6,71.7,66.7,70.3,66,71.7,65.5,69.7,65.2,71,Southbound,69.2,73.7,63.8,72.2,65.5,73.2,66.8,72.7,70.2,73.2,67.7,73.1
273,Eastbound,35.1,40.4,23.9,33.8,35.8,40.1,22.8,32.1,35.9,40.5,19.8,29.7,Westbound,27.4,36.3,26,33.4,24.4,34,25.6,33.2,19.9,30.6,22.9,31.2
274,Northbound,36.2,39.9,28.3,35.6,35.7,39.1,26.8,34.7,34.7,38.8,25.2,33.2,Southbound,34.6,40.4,33.3,37.8,32.2,39.6,33,37.6,29.9,37.6,31.9,36
275,Northbound,33.7,39,24.1,31.3,33,37.8,21,29.7,32.4,37.3,20,29.5,Southbound,31.5,39.8,33.3,38.1,26.6,38.1,33.8,37.7,24.5,36.5,32.9,36.6
276,Northbound,50,55.6,49,54.9,52.5,56.4,51.9,56.3,52.2,56.2,51.3,55.5,Southbound,47.9,52.4,35.5,43.7,49.4,53.2,32.4,42.9,49,53.4,35.7,45.1
277,Northbound,37.1,42.4,33.1,40.7,37.4,41.9,32,39.9,36.7,41.3,29.8,37.3,Southbound,37.4,42.2,33.3,39.2,36.8,41.3,32.8,38.2,36.3,40.9,33.3,38.3
278,Northbound,29.9,36.6,27.1,32.5,29.2,36.1,27.3,31.8,28.3,34.7,26.3,30.5,Southbound,30.3,36.6,27.6,33.2,27.7,34.7,27.4,31.7,25.7,33.6,26.2,29.9
279,Northbound,50.7,56.5,51.5,57.7,50.9,57.3,53.7,58.1,49.1,56.7,52,57.4,Southbound,54.2,58.3,54.2,58.9,55.2,59,56.2,59.6,55.4,58.9,54.9,59
280,Northbound,24.5,35.3,26.6,34.2,24.6,34.8,26.3,34.2,22.7,33.4,25.9,32.3,Southbound,29,38.4,19,28.5,27.7,36.7,18,27.7,27.3,35.6,18.3,28.5
281,Northbound,27.7,35.7,26.3,33.4,24.1,33.7,26.1,32.3,23.6,33.5,25.2,32,Southbound,30.9,36.7,20.7,28.1,30.1,35.1,19.6,26.4,30,34.7,18.9,26
282,Northbound,32.3,37.8,25.5,33.5,32,36.7,24.2,33.7,31.9,36.4,23,32,Southbound,28.5,40.1,28.3,35.3,30.3,36.5,29.1,34.7,27.6,35.2,28,33.9
283,Northbound,26.6,36.2,19.5,29.8,28.9,36.1,21,30.4,32.2,37.2,20.9,29.5,Southbound,25.1,35.8,24.1,33.1,25.3,34.8,26.2,32.3,26.9,34.4,26.9,31.2
284,Eastbound,29,38.4,18.8,30.5,32.7,42.4,19.6,32.3,38.6,42.7,21,31.2,Westbound,27.2,37.9,23.6,33.9,27.6,40.6,28.2,38.1,30.8,40.9,33.5,38.2
285,Northbound,23.7,29.7,19,25.2,23.4,29.1,17.5,23.8,23.2,28.4,17.2,23.8,Southbound,22.5,28.9,16,23.4,21.1,27.6,14.5,22.7,21.3,26.8,15,22.2
286,Northbound,30.8,35.4,27.2,33.3,30.1,34.7,26.6,32.3,29.9,33.8,26.2,31.4,Southbound,30.7,35.6,26.7,32.5,30,35.3,25.3,31.1,30.2,35,24,29.9
287,Northbound,35.1,41,32.7,38.3,33.3,40.5,32.8,37.1,34,40.5,31.2,36.1,Southbound,36.3,41.2,32.9,38.8,34.7,40.7,33,38.6,35.1,39.9,33,38.3
288,Northbound,25.4,39.4,28,36.2,22,37.3,26.2,34.4,20.7,33.8,26.2,33.7,Southbound,34.3,40.7,26.2,34.7,30.1,39.6,22.9,32,30.5,38.5,21.7,31.1
289,Northbound,44.9,48,44.9,47,43.9,48,44.9,48,45.9,49,45.9,47,Southbound,46,49,45,48,46,49,45,48,46,49,45,48
290,Eastbound,38.3,42.6,28.8,36.1,38.3,42,30,35.2,37.8,40.8,29.2,35.1,Westbound,35.5,40.8,32.4,38,33.8,38.7,32.6,37.3,33,38.4,31.8,37.3
291,Eastbound,39.2,44.4,37.8,41,40.3,43.7,38.2,41.8,39.6,43.3,37.8,41,Westbound,38.4,44.6,38,41.3,40.5,44.4,35.5,40,40.9,44,34.1,38.6
292,Eastbound,42.5,45.8,37.1,41.5,43,47.5,37.8,41.5,41.8,47.6,37.7,41.2,Westbound,42.3,46,35.1,40.7,42.7,46.4,34.3,40.2,42.2,46.9,32.8,39.6
293,Northbound,42,45,35,40,42,44,32,39,42,44,32,38,Southbound,38,41,38,41,37,41,38,41,37,41,38,40
294,Northbound,30.3,38.6,27.5,36,32.7,39,27.2,36.8,33,39,27.4,37.1,Southbound,35,40.8,33.7,38.6,37.2,41.7,33.4,38.6,36.7,41,33.3,37.6
295,Northbound,65.7,70,67.3,71.4,65.4,70,64.8,70.6,61.6,68.7,60.9,69.4,Southbound,67.9,72,57.8,70.3,67.7,72,59,70,69,71.3,47.3,68.8
296,Northbound,64.2,69.8,68.1,72.2,61.8,69.8,66.3,71.8,55.9,67.8,62.7,70.8,Southbound,70,73.3,59,70.7,70.3,73.6,60.1,70.6,70.7,73.2,56.7,69.5
297,Eastbound,20.6,27.7,16,21.2,20.7,26.5,15.1,19.8,19.7,25.9,14.4,19.3,Westbound,19.6,28.7,16.7,23.3,19.4,28.6,16.2,21.1,19.1,27,15.9,21.7
298,Northbound,32.2,39.7,29.3,37.7,32.1,38.1,26.6,36.8,29.7,36.8,25.5,36.1,Southbound,31.9,41,32.6,39.1,32.2,39.4,32.3,39.1,30,39.2,32.6,36.6
299,Northbound,28.6,38.2,30.9,35.4,28.1,34.8,28.7,32.9,32.7,38.9,32.2,37,Southbound,31.3,37.8,27.1,32.7,31.1,37.1,27.3,32.2,35.3,40.5,30.7,35.9
300,Northbound,41.1,45.7,37.8,43.7,41.6,46,37.3,43.5,42.3,46.7,36.5,43.3,Southbound,40.9,45.8,41.7,45.1,40.9,45.5,43.2,45.7,41.5,45.3,43,45.4
301,Northbound,39.7,46.1,39.5,45.8,43.9,53.9,48.9,54,43.8,54.9,50.4,53.9,Southbound,45,49,42,47,51.3,54.9,48.6,52.9,51.2,55.2,48.9,53.8
302,Northbound,60,63,49,56,61,63,48,55,61,63,46,54,Southbound,53.2,59.1,58.1,61.1,50.2,60.1,59.1,62.1,49.2,57.2,59.1,62.1
303,Eastbound,31.5,39.7,31.1,35.6,31.4,39,29.8,34.9,31.3,39,29.1,34.1,Westbound,31.6,38.7,32.6,36.8,31,38,31.5,36.2,29.7,37.2,32.8,36
304,Northbound,33.2,38.6,27.4,33.2,34.7,38.3,28.4,33.7,35.4,37.9,30.9,34.3,Southbound,34.7,39.9,29.8,35.1,35.3,39.3,30.5,35.1,35.4,39,32.7,35.7
305,Northbound,38.9,43.9,36.3,41.5,38.1,43,36.5,40.7,37.1,42.1,33.3,39.6,Southbound,35.7,42.5,34,39.3,34.8,41.1,34,38.8,33.8,41.1,31.8,37.5
306,Northbound,26.8,34.3,19.6,25.9,27.3,35.9,21.4,28,29.9,37.2,21,26.6,Southbound,28.6,33.3,19.9,27.8,27.2,35,16.8,25.8,30.8,35,21.7,27.9
307,Northbound,41.4,46.1,31.2,39.7,39.2,46.2,30,37,37.8,44.4,29.4,37.6,Southbound,32.2,41.9,36.3,40.9,30,39.3,35.7,39.5,30.8,39.7,35.8,39.8
308,Northbound,37.6,44.9,35.9,41.4,36.8,43.5,36,41.5,37.4,43.5,34.1,38.9,Southbound,41.4,46,37.4,42.2,39.4,43.7,37.7,41.6,39.5,43.1,37,40.4
309,Northbound,73.7,78.2,45.7,67.9,74.5,78.2,27.9,38.2,73.7,77.7,,,Southbound,32.1,64.9,72.4,76.5,33.8,70.9,72.2,76.8,62.9,74.2,71.3,75.3
310,Northbound,64.5,71.5,31.8,50.2,57.9,71.2,30.2,50.2,58.6,70.4,30.3,42.5,Southbound,57.9,69.4,34.2,55.4,51.5,69,34.2,53.5,51,69,33.7,48.2
311,Northbound,71.8,74.8,26.6,71.9,71.8,74.8,24.7,72.7,72.8,75.2,28.4,72.6,Southbound,71.5,75.5,70.6,74.4,72.1,75.1,72.4,75.4,72.9,75.1,72.9,75.4
312,Northbound,38,42.8,37.8,43,38.3,42.5,37.7,42.1,38.4,42.1,37.4,42.1,Southbound,40.5,45.7,40.9,44.2,42.1,46.3,40.7,44.4,41.2,45.3,41.4,44.1
313,Eastbound,33.4,39.2,29.1,34.7,29.7,33.8,27.6,31.3,30.2,33.8,26.4,30.3,Westbound,34.6,40.9,28.6,35.4,32.8,40.1,28.5,35.2,34.1,38.6,28,33.1
314,Northbound,28.7,36.4,15.9,25.3,28.1,35.3,17.7,24.8,27.7,34.8,18.1,24.9,Southbound,31.7,37.2,23.2,32.7,28.4,36.2,24.1,31.5,29.2,36,23.6,31.4
315,Northbound,30,34,27,32,29,34,26,32,28,34,25,29,Southbound,19,25,17,22,19,25,16,22,19,25,16,22
316,Northbound,33.4,47.8,37.4,44.8,32.6,44.4,38.9,44,32.5,43.3,37.7,43.3,Southbound,42.7,48.2,31.1,40.5,42,47.2,31.8,40.4,41.3,46.3,33.8,41
317,Northbound,31.7,37.7,25.8,31.8,30.4,36.4,26.4,32.6,29.9,36.4,25.4,31.1,Southbound,31.7,37.4,25.7,32,31.2,36.8,24.7,31,30.4,36.2,24.8,31
318,Northbound,36.1,41.3,28.4,38,36.3,41.4,26.6,37.5,35.4,40.5,27.8,37.9,Southbound,38.3,44,28.7,36.5,39.4,42.4,28.3,35.2,39,42.5,29.4,35.7
319,Northbound,37.4,43.2,38.8,42.9,36.8,42.6,38.7,42.4,35.1,42.4,38.2,42.2,Southbound,40.3,43.9,33.8,41.5,39.5,43.2,32.4,39.8,39.2,42.8,30.5,37.4
320,Northbound,24,28,22,27,27,33,26,34,32,36,30,34,NA,NA,NA,NA,NA,NA,NA,NA,NA,NA,NA,NA,NA
321,Northbound,25.7,37.7,25.2,35.5,32.3,37.8,31.3,35.5,28.6,37.1,30.8,34.5,Southbound,27.8,37.8,24.4,31.5,31.9,38,24.3,30.7,30.2,38.6,24.1,30.1
322,Northbound,26.3,34.8,26,31,26,35.2,26.8,32,25,34.2,27,31.3,Southbound,34,38,20.3,27.3,33.5,37.5,19.7,25.9,33.4,37,19.6,25.2
323,Northbound,47.1,51.3,46.6,50,46.6,50.7,46.9,50.2,46.8,51,46.4,50,Southbound,46.3,50.6,46.8,50.3,45.7,50.3,47.1,50.3,45.4,49.9,46.8,50
324,Northbound,37.4,43.2,32.1,41.2,39.3,45.2,39,44,39,44.5,38.6,43.4,Southbound,33.3,43.3,39.1,43.6,38,45,39.6,44.5,36.3,45,38.2,43.6
325,Northbound,44.7,49.4,45.8,48.4,38.9,47.8,45.4,48.8,37.7,47.4,45.1,48.4,Southbound,46.4,50.4,45.4,48.1,45.1,49.1,42.7,47.1,45.1,48.4,39.4,45.4
326,Northbound,45.3,51.3,45.8,51.3,45.5,51.3,46,50.6,44.7,50.3,45,50.6,Southbound,45.5,51.6,44.7,48.6,45.8,50.8,46,49.1,45.5,50.6,46.3,48.8
327,Northbound,38.3,45.9,35,42.8,39.5,45.9,36.7,42.8,39.1,45.4,34.7,42.3,Southbound,44.6,47.1,43.6,46.1,44.1,46.6,43.6,46.1,43.6,46.1,44.1,46.5
328,Northbound,37.3,41.5,34.7,39.2,36.4,40.5,34.4,38.1,35.8,40.1,33.6,38.1,Southbound,36.8,41.5,33.4,38.2,37,40.5,31.6,36.3,37,40.6,31.9,36.5
329,Northbound,41,45,42,46,40,45,39,45,41,45,38,45,NA,NA,NA,NA,NA,NA,NA,NA,NA,NA,NA,NA,NA
330,Eastbound,38.1,43,38.5,42.7,35.8,42.3,38.7,42.8,33.8,42.8,37.4,41.8,Westbound,39.8,43.3,35.8,40.2,39.5,43.7,35.6,40.4,39.2,43.4,34.7,39.7
331,Eastbound,30.2,42.9,33.9,39.3,26.9,39.9,33.8,38,25.2,40.3,32.4,36.7,Westbound,38.1,43,25.2,32.6,38.1,42.1,24.8,30.7,37.4,41.5,24.1,30.6
332,Eastbound,50.1,54,50.1,54,50.2,53.2,51.1,54,49.3,53.2,51.1,54.4,Westbound,48.2,53.3,38,49.3,47.5,52.6,34.7,45.3,47.8,52.6,35.8,44.5
333,Northbound,45.5,48.8,43.9,48.4,45.5,48.6,44.1,47.9,45.4,48.2,44.4,47.9,Southbound,42.6,47.3,42.2,46.1,41.9,47.6,42.5,46.1,42.9,47.6,42.2,45.8
334,Northbound,31.5,44.6,32.3,43.6,31.3,44.1,31.5,44.1,30.4,44.1,31.5,43,Southbound,40.4,46.8,37.7,42.8,39.4,46.8,35.5,42.4,38.8,45.8,36.1,41.4
335,Northbound,14,21,13,19,15,20,14,19,15,20,14,18,Southbound,11,16,10,14,12,18,11,17,13,19,12,17
336,Northbound,50.3,56.1,47.7,53.7,51.4,55.8,47.6,52.3,51.9,55.4,47.7,52.4,Southbound,50.6,56.5,47.3,55,49.4,54.3,47.2,52.4,48.2,54.4,46.6,51.7
337,Eastbound,38.1,44.9,29.4,39,34.5,42.9,29.3,38.3,34.4,43.2,29.7,38,Westbound,36.7,44.3,30.2,40.4,34.8,44,32.2,40.5,33.4,44.2,29.9,40.4
338,Northbound,45.2,49.9,42.8,47.7,43.8,48.6,42.2,46.4,44,47.9,41.3,45.3,Southbound,46.3,50.4,41.1,46.2,45.6,49.7,38.9,45.1,45.2,49.6,38.3,44.4
339,Northbound,32.4,37.4,29.5,35.9,30.6,36.6,29.3,36,31.9,36.8,31,36.4,Southbound,29.7,35.5,23,30.6,30.8,36.4,20.1,29.6,30.7,35.6,22.9,30.2
340,Northbound,37.8,43.7,35.9,40.7,34.6,43.6,36.4,40.6,34.8,41.9,37.1,41,Southbound,40,44.9,25.2,33.7,40.2,43.5,25.3,33.1,39.6,43.9,25.1,32.7
341,Northbound,21.6,26.1,16.5,22.6,22,27.1,15.2,20.6,20.6,25.1,15.3,21.1,Southbound,22.9,26.6,17.1,23.9,22.2,27.1,15.6,22.5,21.8,26,16.5,22.5
342,Eastbound,70.3,74.6,62.9,72,70.1,74.3,55.6,70.9,70,74,55.5,70.2,Westbound,69.6,73.8,68,72.8,69.8,73.4,69,72.9,69.9,73.4,68.6,72.8
343,Northbound,43.3,47.3,43.2,46.9,45.2,48.6,43.9,47.3,43.9,47.9,44.3,46.3,Southbound,43.2,46.2,41.8,45.8,42.6,46.2,43.8,46.8,42.8,46.8,43.2,46.2
344,Northbound,40.7,46.5,31.3,40,38.2,45.6,29.6,37.4,34.5,44.6,29.6,36.4,Southbound,39.3,43.3,37,40.3,38.3,42.3,36.5,40.9,36.4,41.3,36,39.9
345,Eastbound,43.8,47.9,40.6,45.6,43.3,47.2,41.5,45.1,43.7,47.9,40.8,44.5,Westbound,44.6,48.9,39.7,45.1,44.6,48.3,39.6,45.1,44.3,48,40,44.4
346,Northbound,53.5,57.8,52.4,56.8,54.7,57.6,53.8,57.2,54.1,57.8,53.2,57.2,Southbound,49.7,56.9,46.3,55.8,50,56.7,47.6,53.8,49.4,55.1,45.3,52.4
347,Eastbound,49.2,53.1,46.5,50.6,48.8,53.1,46.3,50.4,47.7,52.5,45.7,50.4,Westbound,44.7,49.2,43,47.3,44.6,49.2,44.1,47.7,44.1,49.2,43,47.1
348,Eastbound,35,40.6,35.2,39.3,33.6,41.3,35.5,39.2,34.1,40.6,35.8,39.3,Westbound,36.1,40.2,34,38.8,36.1,40.2,34.6,38.5,36.8,39.8,33.4,38.8
349,Eastbound,47,51,46,49,47,51,46,49,47,50,46,49,Westbound,47.2,51.3,46,50.1,47.2,51.3,45.3,50.3,46.2,50.1,45,49
350,Northbound,51.2,54.4,48.4,51.5,50.3,53.5,49.3,51.5,47.4,52.5,46.3,50.5,Southbound,47,50,44,48,47,51,45,48,46,50,43,47
351,Northbound,34.8,37.9,31.8,34.9,32.8,35.9,30.8,33.9,33.8,35.9,31.8,33.9,Southbound,35,38,25,31,33,37,25,30,34,37,25,29
352,Northbound,42.8,47.2,40,44.2,39.9,46.9,40.2,43.4,36.7,44.9,35.1,42.6,Southbound,44,47.3,42,45,42.6,46.3,41,44,43,46.3,40.6,44.6
353,Eastbound,41.8,52,39.1,46.1,45.1,52.4,40.2,49.6,48,52.1,45.1,50.3,Westbound,39,47.6,36.4,44.9,39.6,51.3,39.2,49,43,52.3,43.4,49
354,Northbound,40.1,43.3,35.5,40.6,39.7,43.1,33.7,38.4,39.8,43.1,31.9,37.5,Southbound,39.8,43.5,37.1,40.6,39.4,42.8,35.9,39.7,39.6,42.8,35.3,39.3
355,Eastbound,41.2,46.7,38.5,43.5,41.7,46.6,41.2,44.4,40.8,45.8,39.1,42.9,Westbound,38.3,45.5,33.2,41.9,36.1,44.6,36.4,42.2,35.6,43.6,31.8,40.6
356,Northbound,41.4,44.8,34.9,40.3,41,44.8,33.2,39.3,40.8,43.8,32.5,38.3,Southbound,44,46.4,39.4,43.4,43,46,39.8,43.2,43,46,38.8,42.2
357,Northbound,33.8,41.3,33.8,41.1,31.4,40.7,34.1,40.7,34.1,40.3,33.5,40.7,Southbound,32.7,41.8,32.5,41.6,32.3,42.4,29.9,41.3,31,43,29.9,41.3
358,Eastbound,71.5,76.2,71.2,75.3,71.8,75.5,72.1,75.8,71.8,75.1,72.8,75.6,Westbound,71.4,75.3,70.1,74.4,71.6,74.9,71.1,74.4,71.8,74.9,71.3,74.3
359,Eastbound,56.3,60.5,57.2,61,56.7,60.6,57.8,61.4,55.7,59.7,57.1,60.5,Westbound,58.1,62,57.6,61.5,58.2,61.5,57.9,60.7,57.4,60.6,56.7,59.6
